timestep_time;vehicle_angle;vehicle_id;vehicle_lane;vehicle_pos;vehicle_slope;vehicle_speed;vehicle_type;vehicle_x;vehicle_y
0.00;;;;;;;;;
1.00;;;;;;;;;
2.00;;;;;;;;;
3.00;;;;;;;;;
4.00;;;;;;;;;
5.00;;;;;;;;;
6.00;;;;;;;;;
7.00;;;;;;;;;
8.00;;;;;;;;;
9.00;;;;;;;;;
10.00;;;;;;;;;
11.00;;;;;;;;;
12.00;;;;;;;;;
13.00;;;;;;;;;
14.00;;;;;;;;;
15.00;;;;;;;;;
16.00;;;;;;;;;
17.00;;;;;;;;;
18.00;;;;;;;;;
19.00;;;;;;;;;
20.00;;;;;;;;;
21.00;;;;;;;;;
22.00;;;;;;;;;
23.00;;;;;;;;;
24.00;;;;;;;;;
25.00;;;;;;;;;
26.00;;;;;;;;;
27.00;;;;;;;;;
28.00;;;;;;;;;
29.00;;;;;;;;;
30.00;;;;;;;;;
31.00;;;;;;;;;
32.00;;;;;;;;;
33.00;;;;;;;;;
34.00;;;;;;;;;
35.00;;;;;;;;;
36.00;;;;;;;;;
37.00;;;;;;;;;
38.00;;;;;;;;;
39.00;;;;;;;;;
40.00;;;;;;;;;
41.00;;;;;;;;;
42.00;;;;;;;;;
43.00;;;;;;;;;
44.00;;;;;;;;;
45.00;;;;;;;;;
46.00;;;;;;;;;
47.00;;;;;;;;;
48.00;;;;;;;;;
49.00;;;;;;;;;
50.00;;;;;;;;;
51.00;;;;;;;;;
52.00;;;;;;;;;
53.00;;;;;;;;;
54.00;;;;;;;;;
55.00;;;;;;;;;
56.00;;;;;;;;;
57.00;;;;;;;;;
58.00;;;;;;;;;
59.00;;;;;;;;;
60.00;;;;;;;;;
61.00;;;;;;;;;
62.00;;;;;;;;;
63.00;;;;;;;;;
64.00;;;;;;;;;
65.00;;;;;;;;;
66.00;;;;;;;;;
67.00;;;;;;;;;
68.00;;;;;;;;;
69.00;;;;;;;;;
70.00;;;;;;;;;
71.00;;;;;;;;;
72.00;;;;;;;;;
73.00;;;;;;;;;
74.00;;;;;;;;;
75.00;;;;;;;;;
76.00;;;;;;;;;
77.00;;;;;;;;;
78.00;;;;;;;;;
79.00;;;;;;;;;
80.00;;;;;;;;;
81.00;;;;;;;;;
82.00;;;;;;;;;
83.00;;;;;;;;;
84.00;;;;;;;;;
85.00;;;;;;;;;
86.00;;;;;;;;;
87.00;;;;;;;;;
88.00;;;;;;;;;
89.00;;;;;;;;;
90.00;;;;;;;;;
91.00;;;;;;;;;
92.00;;;;;;;;;
93.00;;;;;;;;;
94.00;;;;;;;;;
95.00;;;;;;;;;
96.00;;;;;;;;;
97.00;;;;;;;;;
98.00;;;;;;;;;
99.00;;;;;;;;;
100.00;90.06;veh0;D2_0;5.10;0.00;0.00;CarA;-194.90;95.29
100.00;90.00;veh3;D4_0;5.10;0.00;0.00;CarA;-194.90;-4.80
100.00;270.00;veh6;D6_0;5.10;0.00;0.00;CarA;394.90;4.80
100.00;270.00;veh9;D8_0;5.10;0.00;0.00;CarA;394.90;104.80
101.00;90.06;veh0;D2_0;7.36;0.00;2.26;CarA;-192.64;95.29
101.00;90.00;veh3;D4_0;7.02;0.00;1.92;CarA;-192.98;-4.80
101.00;270.00;veh6;D6_0;7.16;0.00;2.06;CarA;392.84;4.80
101.00;270.00;veh9;D8_0;6.98;0.00;1.88;CarA;393.02;104.80
102.00;90.06;veh0;D2_0;12.49;0.00;5.13;CarA;-187.51;95.29
102.00;90.00;veh3;D4_0;11.67;0.00;4.65;CarA;-188.33;-4.80
102.00;270.00;veh6;D6_0;11.50;0.00;4.34;CarA;388.50;4.80
102.00;270.00;veh9;D8_0;10.75;0.00;3.77;CarA;389.25;104.80
103.00;90.06;veh0;D2_0;19.21;0.00;6.72;CarA;-180.79;95.28
103.00;90.06;veh1;D2_0;5.10;0.00;0.00;CarA;-194.90;95.29
103.00;270.00;veh10;D8_0;5.10;0.00;0.00;CarA;394.90;104.80
103.00;90.00;veh3;D4_0;19.30;0.00;7.62;CarA;-180.70;-4.80
103.00;90.00;veh4;D4_0;5.10;0.00;0.00;CarA;-194.90;-4.80
103.00;270.00;veh6;D6_0;17.83;0.00;6.33;CarA;382.17;4.80
103.00;270.00;veh7;D6_0;5.10;0.00;0.00;CarA;394.90;4.80
103.00;270.00;veh9;D8_0;16.52;0.00;5.77;CarA;383.48;104.80
104.00;90.06;veh0;D2_0;28.68;0.00;9.47;CarA;-171.32;95.27
104.00;90.06;veh1;D2_0;6.76;0.00;1.66;CarA;-193.24;95.29
104.00;270.00;veh10;D8_0;7.38;0.00;2.28;CarA;392.62;104.80
104.00;90.00;veh3;D4_0;29.73;0.00;10.43;CarA;-170.27;-4.80
104.00;90.00;veh4;D4_0;7.94;0.00;2.84;CarA;-192.06;-4.80
104.00;270.00;veh6;D6_0;26.35;0.00;8.51;CarA;373.65;4.80
104.00;270.00;veh7;D6_0;7.62;0.00;2.52;CarA;392.38;4.80
104.00;270.00;veh9;D8_0;24.33;0.00;7.81;CarA;375.67;104.80
105.00;90.06;veh0;D2_0;39.78;0.00;11.09;CarA;-160.23;95.26
105.00;90.06;veh1;D2_0;10.81;0.00;4.05;CarA;-189.19;95.29
105.00;270.00;veh10;D8_0;11.68;0.00;4.30;CarA;388.32;104.80
105.00;90.00;veh3;D4_0;41.77;0.00;12.04;CarA;-158.23;-4.80
105.00;90.00;veh4;D4_0;13.48;0.00;5.54;CarA;-186.52;-4.80
105.00;90.00;veh5;D4_0;5.10;0.00;0.00;CarA;-194.90;-4.80
105.00;270.00;veh6;D6_1;37.68;0.00;11.34;CarA;362.32;1.60
105.00;270.00;veh7;D6_0;11.96;0.00;4.34;CarA;388.04;4.80
105.00;270.00;veh9;D8_0;34.44;0.00;10.11;CarA;365.56;104.80
106.00;90.06;veh0;D2_0;52.66;0.00;12.88;CarA;-147.35;95.25
106.00;90.06;veh1;D2_0;17.85;0.00;7.04;CarA;-182.15;95.28
106.00;270.00;veh10;D8_0;18.68;0.00;7.00;CarA;381.32;104.80
106.00;270.00;veh11;D8_0;5.10;0.00;0.00;CarA;394.90;104.80
106.00;90.06;veh2;D2_0;5.10;0.00;0.00;CarA;-194.90;95.29
106.00;90.00;veh3;D4_0;56.71;0.00;14.95;CarA;-143.29;-4.80
106.00;90.00;veh4;D4_0;21.39;0.00;7.91;CarA;-178.61;-4.80
106.00;90.00;veh5;D4_0;5.88;0.00;0.78;CarA;-194.12;-4.80
106.00;270.00;veh6;D6_1;51.78;0.00;14.09;CarA;348.22;1.60
106.00;270.00;veh7;D6_0;19.28;0.00;7.32;CarA;380.72;4.80
106.00;270.00;veh8;D6_0;5.10;0.00;0.00;CarA;394.90;4.80
106.00;270.00;veh9;D8_0;44.87;0.00;10.43;CarA;355.13;104.80
107.00;90.06;veh0;D2_0;66.74;0.00;14.08;CarA;-133.27;95.23
107.00;90.06;veh1;D2_0;26.52;0.00;8.67;CarA;-173.48;95.27
107.00;270.00;veh10;D8_0;27.24;0.00;8.56;CarA;372.76;104.80
107.00;270.00;veh11;D8_0;7.42;0.00;2.32;CarA;392.58;104.80
107.00;90.06;veh2;D2_0;7.11;0.00;2.01;CarA;-192.89;95.29
107.00;90.00;veh3;D4_0;71.60;0.00;14.89;CarA;-128.40;-4.80
107.00;90.00;veh4;D4_0;31.95;0.00;10.56;CarA;-168.05;-4.80
107.00;90.00;veh5;D4_0;8.55;0.00;2.66;CarA;-191.45;-4.80
107.00;270.00;veh6;D6_1;64.85;0.00;13.07;CarA;335.15;1.60
107.00;270.00;veh7;D6_0;29.15;0.00;9.87;CarA;370.85;4.80
107.00;270.00;veh8;D6_0;6.66;0.00;1.56;CarA;393.34;4.80
107.00;270.00;veh9;D8_0;56.57;0.00;11.70;CarA;343.43;104.80
108.00;90.06;veh0;D2_0;81.45;0.00;14.71;CarA;-118.56;95.22
108.00;90.06;veh1;D2_0;37.50;0.00;10.98;CarA;-162.50;95.26
108.00;270.00;veh10;D8_0;37.87;0.00;10.63;CarA;362.13;104.80
108.00;270.00;veh11;D8_0;11.42;0.00;4.00;CarA;388.58;104.80
108.00;90.06;veh2;D2_0;12.00;0.00;4.88;CarA;-188.01;95.29
108.00;90.00;veh3;D4_0;86.50;0.00;14.90;CarA;-113.50;-4.80
108.00;90.00;veh4;D4_1;45.14;0.00;13.19;CarA;-154.86;-1.60
108.00;90.00;veh5;D4_0;13.88;0.00;5.33;CarA;-186.12;-4.80
108.00;270.00;veh6;D6_1;78.44;0.00;13.59;CarA;321.56;1.60
108.00;270.00;veh7;D6_0;40.59;0.00;11.44;CarA;359.41;4.80
108.00;270.00;veh8;D6_0;10.85;0.00;4.18;CarA;389.15;4.80
108.00;270.00;veh9;D8_0;67.94;0.00;11.37;CarA;332.06;104.80
109.00;90.06;veh0;D2_0;96.03;0.00;14.58;CarA;-103.98;95.20
109.00;90.06;veh1;D2_0;49.56;0.00;12.06;CarA;-150.44;95.25
109.00;270.00;veh10;D8_1;50.24;0.00;12.37;CarA;349.76;101.60
109.00;270.00;veh11;D8_0;17.08;0.00;5.65;CarA;382.92;104.80
109.00;90.06;veh12;D2_0;7.60;0.00;0.00;CarB;-192.40;95.29
109.00;90.00;veh15;D4_0;7.60;0.00;0.00;CarB;-192.40;-4.80
109.00;270.00;veh18;D6_0;7.60;0.00;0.00;CarB;392.40;4.80
109.00;90.06;veh2;D2_0;18.94;0.00;6.95;CarA;-181.06;95.28
109.00;90.00;veh3;L4_0;0.39;0.00;13.98;CarA;-99.61;-4.80
109.00;90.00;veh4;D4_1;59.34;0.00;14.20;CarA;-140.66;-1.60
109.00;90.00;veh5;D4_0;21.21;0.00;7.34;CarA;-178.79;-4.80
109.00;270.00;veh6;D6_1;92.38;0.00;13.94;CarA;307.62;1.60
109.00;270.00;veh7;D6_0;52.76;0.00;12.17;CarA;347.24;4.80
109.00;270.00;veh8;D6_0;17.55;0.00;6.70;CarA;382.45;4.80
109.00;270.00;veh9;D8_0;79.79;0.00;11.85;CarA;320.21;104.80
110.00;90.00;veh0;L2_0;10.06;0.00;14.19;CarA;-89.79;95.20
110.00;90.06;veh1;D2_0;62.30;0.00;12.74;CarA;-137.71;95.24
110.00;270.00;veh10;D8_1;64.79;0.00;14.55;CarA;335.21;101.60
110.00;270.00;veh11;D8_0;24.25;0.00;7.17;CarA;375.75;104.80
110.00;90.06;veh12;D2_0;9.37;0.00;1.77;CarB;-190.63;95.29
110.00;90.00;veh15;D4_0;9.12;0.00;1.52;CarB;-190.88;-4.80
110.00;270.00;veh18;D6_0;9.05;0.00;1.45;CarB;390.95;4.80
110.00;90.06;veh2;D2_0;27.99;0.00;9.05;CarA;-172.01;95.27
110.00;90.00;veh3;L4_0;15.13;0.00;14.74;CarA;-84.87;-4.80
110.00;90.00;veh4;D4_1;73.10;0.00;13.75;CarA;-126.90;-1.60
110.00;90.00;veh5;D4_0;31.33;0.00;10.12;CarA;-168.67;-4.80
110.00;270.00;veh6;L6_1;5.56;0.00;13.27;CarA;294.44;1.60
110.00;270.00;veh7;D6_0;64.66;0.00;11.89;CarA;335.34;4.80
110.00;270.00;veh8;D6_0;26.53;0.00;8.98;CarA;373.47;4.80
110.00;270.00;veh9;D8_0;90.78;0.00;10.99;CarA;309.22;104.80
111.00;90.00;veh0;L2_0;23.81;0.00;13.75;CarA;-76.04;95.20
111.00;90.06;veh1;D2_0;75.21;0.00;12.91;CarA;-124.80;95.22
111.00;270.00;veh10;D8_1;79.91;0.00;15.12;CarA;320.09;101.60
111.00;270.00;veh11;D8_0;33.76;0.00;9.51;CarA;366.24;104.80
111.00;90.06;veh12;D2_0;12.27;0.00;2.90;CarB;-187.73;95.29
111.00;90.00;veh15;D4_0;12.32;0.00;3.20;CarB;-187.68;-4.80
111.00;270.00;veh18;D6_0;11.73;0.00;2.67;CarB;388.27;4.80
111.00;90.06;veh2;D2_0;38.78;0.00;10.79;CarA;-161.22;95.26
111.00;90.00;veh3;L4_0;28.83;0.00;13.70;CarA;-71.17;-4.80
111.00;90.00;veh4;D4_1;85.95;0.00;12.86;CarA;-114.05;-1.60
111.00;90.00;veh5;D4_1;42.40;0.00;11.07;CarA;-157.60;-1.60
111.00;270.00;veh6;L6_1;19.97;0.00;14.42;CarA;280.03;1.60
111.00;270.00;veh7;D6_0;75.51;0.00;10.86;CarA;324.49;4.80
111.00;270.00;veh8;D6_0;37.53;0.00;11.00;CarA;362.47;4.80
111.00;270.00;veh9;L8_0;1.51;0.00;10.82;CarA;298.49;104.80
112.00;90.00;veh0;L2_0;38.09;0.00;14.28;CarA;-61.76;95.20
112.00;90.06;veh1;D2_0;86.77;0.00;11.56;CarA;-113.24;95.21
112.00;270.00;veh10;D8_1;93.64;0.00;13.72;CarA;306.36;101.60
112.00;270.00;veh11;D8_1;45.29;0.00;11.53;CarA;354.71;101.60
112.00;90.06;veh12;D2_0;16.21;0.00;3.93;CarB;-183.80;95.28
112.00;90.00;veh15;D4_0;16.66;0.00;4.34;CarB;-183.34;-4.80
112.00;270.00;veh18;D6_0;16.15;0.00;4.43;CarB;383.85;4.80
112.00;90.06;veh2;D2_0;51.46;0.00;12.68;CarA;-148.55;95.25
112.00;90.00;veh3;L4_0;43.70;0.00;14.87;CarA;-56.30;-4.80
112.00;90.00;veh4;D4_1;99.14;0.00;13.19;CarA;-100.86;-1.60
112.00;90.00;veh5;D4_1;52.52;0.00;10.12;CarA;-147.48;-1.60
112.00;270.00;veh6;L6_1;33.98;0.00;14.01;CarA;266.02;1.60
112.00;270.00;veh7;D6_0;86.53;0.00;11.02;CarA;313.47;4.80
112.00;270.00;veh8;D6_0;50.25;0.00;12.72;CarA;349.75;4.80
112.00;270.00;veh9;L8_0;12.39;0.00;10.88;CarA;287.61;104.80
113.00;90.00;veh0;L2_0;51.75;0.00;13.66;CarA;-48.10;95.20
113.00;90.06;veh1;D2_0;99.34;0.00;12.58;CarA;-100.67;95.20
113.00;270.00;veh10;L8_1;8.22;0.00;14.69;CarA;291.78;101.60
113.00;270.00;veh11;D8_1;59.16;0.00;13.87;CarA;340.84;101.60
113.00;90.06;veh12;D2_0;21.96;0.00;5.76;CarB;-178.04;95.28
113.00;90.06;veh13;D2_0;7.60;0.00;0.00;CarB;-192.40;95.29
113.00;90.00;veh15;D4_0;22.66;0.00;6.00;CarB;-177.34;-4.80
113.00;90.00;veh16;D4_0;7.60;0.00;0.00;CarB;-192.40;-4.80
113.00;270.00;veh18;D6_0;22.53;0.00;6.37;CarB;377.47;4.80
113.00;90.06;veh2;D2_0;64.96;0.00;13.51;CarA;-135.04;95.23
113.00;90.00;veh3;L4_0;57.88;0.00;14.19;CarA;-42.12;-4.80
113.00;90.00;veh4;L4_1;12.78;0.00;13.74;CarA;-87.22;-1.60
113.00;90.00;veh5;D4_1;63.52;0.00;11.00;CarA;-136.48;-1.60
113.00;270.00;veh6;L6_1;47.10;0.00;13.11;CarA;252.90;1.60
113.00;270.00;veh7;D6_1;97.89;0.00;11.35;CarA;302.11;1.60
113.00;270.00;veh8;D6_0;62.11;0.00;11.85;CarA;337.89;4.80
113.00;270.00;veh9;L8_0;23.82;0.00;11.43;CarA;276.18;104.80
114.00;90.00;veh0;L2_0;65.85;0.00;14.10;CarA;-34.00;95.20
114.00;90.00;veh1;L2_0;11.12;0.00;11.93;CarA;-88.73;95.20
114.00;270.00;veh10;L8_1;22.70;0.00;14.47;CarA;277.30;101.60
114.00;270.00;veh11;D8_1;72.32;0.00;13.15;CarA;327.68;101.60
114.00;90.06;veh12;D2_0;29.18;0.00;7.22;CarB;-170.82;95.27
114.00;90.06;veh13;D2_0;9.45;0.00;1.85;CarB;-190.55;95.29
114.00;90.00;veh15;D4_0;30.00;0.00;7.34;CarB;-170.00;-4.80
114.00;90.00;veh16;D4_0;9.33;0.00;1.73;CarB;-190.67;-4.80
114.00;270.00;veh18;D6_0;30.82;0.00;8.30;CarB;369.18;4.80
114.00;90.06;veh2;D2_0;77.66;0.00;12.70;CarA;-122.34;95.22
114.00;90.00;veh3;L4_0;72.58;0.00;14.69;CarA;-27.42;-4.80
114.00;90.00;veh4;L4_1;26.43;0.00;13.65;CarA;-73.57;-1.60
114.00;90.00;veh5;D4_1;73.61;0.00;10.09;CarA;-126.39;-1.60
114.00;270.00;veh6;L6_1;61.37;0.00;14.28;CarA;238.63;1.60
114.00;270.00;veh7;L6_1;10.04;0.00;12.26;CarA;289.96;1.60
114.00;270.00;veh8;D6_0;74.28;0.00;12.17;CarA;325.72;4.80
114.00;270.00;veh9;L8_0;34.40;0.00;10.58;CarA;265.60;104.80
115.00;90.00;veh0;L2_0;79.64;0.00;13.79;CarA;-20.21;95.20
115.00;90.00;veh1;L2_0;22.84;0.00;11.72;CarA;-77.01;95.20
115.00;270.00;veh10;L8_1;36.95;0.00;14.25;CarA;263.05;101.60
115.00;270.00;veh11;D8_1;85.92;0.00;13.60;CarA;314.08;101.60
115.00;90.06;veh12;D2_0;37.70;0.00;8.52;CarB;-162.30;95.26
115.00;90.06;veh13;D2_0;12.95;0.00;3.50;CarB;-187.05;95.29
115.00;90.00;veh15;D4_0;39.04;0.00;9.04;CarB;-160.96;-4.80
115.00;90.00;veh16;D4_0;12.71;0.00;3.37;CarB;-187.29;-4.80
115.00;270.00;veh18;D6_0;40.65;0.00;9.83;CarB;359.35;4.80
115.00;90.06;veh2;D2_0;91.19;0.00;13.53;CarA;-108.82;95.21
115.00;90.00;veh3;L4_0;87.04;0.00;14.46;CarA;-12.96;-4.80
115.00;90.00;veh4;L4_1;40.00;0.00;13.57;CarA;-60.00;-1.60
115.00;90.00;veh5;D4_1;84.18;0.00;10.57;CarA;-115.82;-1.60
115.00;270.00;veh6;L6_1;74.68;0.00;13.31;CarA;225.32;1.60
115.00;270.00;veh7;L6_1;21.42;0.00;11.38;CarA;278.58;1.60
115.00;270.00;veh8;D6_0;86.61;0.00;12.33;CarA;313.39;4.80
115.00;270.00;veh9;L8_0;44.93;0.00;10.54;CarA;255.07;104.80
116.00;90.00;veh0;L2_0;93.41;0.00;13.77;CarA;-6.44;95.20
116.00;90.00;veh1;L2_0;35.13;0.00;12.29;CarA;-64.72;95.20
116.00;270.00;veh10;L8_1;50.87;0.00;13.92;CarA;249.13;101.60
116.00;270.00;veh11;D8_1;98.92;0.00;13.00;CarA;301.08;101.60
116.00;90.06;veh12;D2_0;47.56;0.00;9.86;CarB;-152.44;95.25
116.00;90.06;veh13;D2_0;17.64;0.00;4.69;CarB;-182.36;95.28
116.00;90.06;veh14;D2_0;7.60;0.00;0.00;CarB;-192.40;95.29
116.00;90.00;veh15;D4_0;49.91;0.00;10.87;CarB;-150.09;-4.80
116.00;90.00;veh16;D4_0;18.01;0.00;5.30;CarB;-181.99;-4.80
116.00;90.00;veh17;D4_0;7.60;0.00;0.00;CarB;-192.40;-4.80
116.00;270.00;veh18;D6_1;51.80;0.00;11.14;CarB;348.20;1.60
116.00;90.00;veh2;L2_0;4.38;0.00;13.35;CarA;-95.47;95.20
116.00;111.98;veh3;:2_3_0;4.73;0.00;13.70;CarA;0.39;-6.68
116.00;90.00;veh4;L4_1;54.26;0.00;14.26;CarA;-45.74;-1.60
116.00;90.00;veh5;D4_1;95.18;0.00;11.00;CarA;-104.82;-1.60
116.00;270.00;veh6;L6_1;88.52;0.00;13.83;CarA;211.48;1.60
116.00;270.00;veh7;L6_1;32.90;0.00;11.48;CarA;267.10;1.60
116.00;270.00;veh8;D6_0;99.01;0.00;12.40;CarA;300.99;4.80
116.00;270.00;veh9;L8_0;56.80;0.00;11.87;CarA;243.20;104.80
117.00;90.00;veh0;L12_1;2.96;0.00;13.67;CarA;6.96;95.20
117.00;90.00;veh1;L2_0;47.29;0.00;12.16;CarA;-52.56;95.20
117.00;270.00;veh10;L8_1;65.82;0.00;14.95;CarA;234.18;101.60
117.00;270.00;veh11;L8_1;11.87;0.00;13.05;CarA;288.13;101.60
117.00;90.06;veh12;D2_0;58.67;0.00;11.11;CarB;-141.33;95.24
117.00;90.06;veh13;D2_0;23.81;0.00;6.17;CarB;-176.19;95.28
117.00;90.06;veh14;D2_0;7.64;0.00;0.04;CarB;-192.36;95.29
117.00;90.00;veh15;D4_0;61.98;0.00;12.07;CarB;-138.02;-4.80
117.00;90.00;veh16;D4_0;25.01;0.00;7.00;CarB;-174.99;-4.80
117.00;90.00;veh17;D4_0;7.82;0.00;0.22;CarB;-192.18;-4.80
117.00;270.00;veh18;D6_1;63.81;0.00;12.01;CarB;336.19;1.60
117.00;90.00;veh2;L2_0;18.28;0.00;13.90;CarA;-81.57;95.20
117.00;90.00;veh3;L14_0;10.81;0.00;14.62;CarA;14.81;-8.00
117.00;90.00;veh4;L4_1;67.57;0.00;13.30;CarA;-32.43;-1.60
117.00;90.00;veh5;L4_1;5.14;0.00;10.06;CarA;-94.86;-1.60
117.00;299.21;veh6;:4_0_1;6.96;0.00;14.44;CarA;197.60;4.47
117.00;270.00;veh7;L6_1;45.11;0.00;12.21;CarA;254.89;1.60
117.00;270.00;veh8;L6_0;11.00;0.00;12.09;CarA;289.00;4.80
117.00;270.00;veh9;L8_0;68.62;0.00;11.81;CarA;231.38;104.80
118.00;90.00;veh0;L12_1;16.27;0.00;13.31;CarA;20.27;95.20
118.00;90.00;veh1;L2_0;59.56;0.00;12.27;CarA;-40.29;95.20
118.00;270.00;veh10;L8_1;79.63;0.00;13.82;CarA;220.37;101.60
118.00;270.00;veh11;L8_1;25.16;0.00;13.29;CarA;274.84;101.60
118.00;90.06;veh12;D2_0;71.63;0.00;12.96;CarB;-128.38;95.23
118.00;90.06;veh13;D2_0;31.47;0.00;7.66;CarB;-168.53;95.27
118.00;90.06;veh14;D2_0;9.33;0.00;1.69;CarB;-190.67;95.29
118.00;90.00;veh15;D4_0;74.11;0.00;12.12;CarB;-125.89;-4.80
118.00;90.00;veh16;D4_0;33.16;0.00;8.15;CarB;-166.84;-4.80
118.00;90.00;veh17;D4_0;9.71;0.00;1.90;CarB;-190.29;-4.80
118.00;270.00;veh18;D6_1;76.71;0.00;12.90;CarB;323.29;1.60
118.00;90.00;veh2;L2_0;32.30;0.00;14.02;CarA;-67.55;95.20
118.00;90.00;veh3;L14_0;24.45;0.00;13.64;CarA;28.45;-8.00
118.00;90.00;veh4;L4_1;80.52;0.00;12.95;CarA;-19.48;-1.60
118.00;90.00;veh5;L4_1;15.62;0.00;10.48;CarA;-84.38;-1.60
118.00;270.00;veh6;L17_1;12.54;0.00;14.13;CarA;183.46;4.80
118.00;270.00;veh7;L6_1;56.35;0.00;11.24;CarA;243.65;1.60
118.00;270.00;veh8;L6_0;23.47;0.00;12.47;CarA;276.53;4.80
118.00;270.00;veh9;L8_0;79.18;0.00;10.56;CarA;220.82;104.80
119.00;90.00;veh0;L12_1;29.53;0.00;13.26;CarA;33.53;95.20
119.00;90.00;veh1;L2_0;72.42;0.00;12.86;CarA;-27.43;95.20
119.00;270.00;veh10;L8_1;93.43;0.00;13.80;CarA;206.57;101.60
119.00;270.00;veh11;L8_1;38.64;0.00;13.48;CarA;261.36;101.60
119.00;90.06;veh12;D2_0;85.55;0.00;13.92;CarB;-114.46;95.21
119.00;90.06;veh13;D2_0;40.24;0.00;8.77;CarB;-159.76;95.26
119.00;90.06;veh14;D2_0;12.62;0.00;3.29;CarB;-187.38;95.29
119.00;90.00;veh15;D4_0;86.97;0.00;12.87;CarB;-113.03;-4.80
119.00;90.00;veh16;D4_0;42.43;0.00;9.27;CarB;-157.57;-4.80
119.00;90.00;veh17;D4_0;13.13;0.00;3.42;CarB;-186.87;-4.80
119.00;270.00;veh18;D6_1;89.16;0.00;12.46;CarB;310.84;1.60
119.00;90.00;veh2;L2_0;46.33;0.00;14.03;CarA;-53.52;95.20
119.00;90.00;veh3;L14_0;38.43;0.00;13.98;CarA;42.43;-8.00
119.00;90.00;veh4;L4_1;93.74;0.00;13.23;CarA;-6.26;-1.60
119.00;90.00;veh5;L4_1;25.77;0.00;10.15;CarA;-74.23;-1.60
119.00;270.00;veh6;L17_1;26.61;0.00;14.07;CarA;169.39;4.80
119.00;270.00;veh7;L6_1;67.97;0.00;11.62;CarA;232.03;1.60
119.00;270.00;veh8;L6_0;36.30;0.00;12.83;CarA;263.70;4.80
119.00;270.00;veh9;L8_0;89.99;0.00;10.81;CarA;210.01;104.80
120.00;90.00;veh0;L12_1;42.91;0.00;13.38;CarA;46.91;95.20
120.00;90.00;veh1;L2_0;83.97;0.00;11.55;CarA;-15.88;95.20
120.00;273.46;veh10;L9_1;3.52;0.00;14.63;CarA;192.48;104.80
120.00;270.00;veh11;L8_1;51.65;0.00;13.02;CarA;248.35;101.60
120.00;90.06;veh12;:911_3_0;0.21;0.00;14.51;CarB;-99.95;95.20
120.00;90.06;veh13;D2_0;50.58;0.00;10.34;CarB;-149.42;95.25
120.00;90.06;veh14;D2_0;17.61;0.00;4.99;CarB;-182.39;95.28
120.00;90.00;veh15;D4_0;99.32;0.00;12.35;CarB;-100.68;-4.80
120.00;90.00;veh16;D4_1;52.84;0.00;10.41;CarB;-147.16;-1.60
120.00;90.00;veh17;D4_0;18.43;0.00;5.30;CarB;-181.57;-4.80
120.00;270.00;veh18;L6_1;1.39;0.00;12.33;CarB;298.61;1.60
120.00;90.00;veh2;L2_0;59.77;0.00;13.44;CarA;-40.08;95.20
120.00;90.00;veh3;L14_0;52.45;0.00;14.02;CarA;56.45;-8.00
120.00;95.89;veh4;L14_1;2.53;0.00;13.33;CarA;6.53;-4.80
120.00;90.00;veh5;L4_1;36.75;0.00;10.99;CarA;-63.25;-1.60
120.00;270.00;veh6;L17_1;40.80;0.00;14.18;CarA;155.20;4.80
120.00;270.00;veh7;L6_1;78.81;0.00;10.84;CarA;221.19;1.60
120.00;270.00;veh8;L6_0;48.44;0.00;12.13;CarA;251.56;4.80
120.00;295.92;veh9;:5_0_0;5.43;0.00;11.44;CarA;199.03;107.09
121.00;90.00;veh0;L12_1;57.57;0.00;14.66;CarA;61.57;95.20
121.00;90.38;veh1;:1_3_0;0.16;0.00;12.04;CarA;-3.84;95.17
121.00;270.00;veh10;L9_1;18.21;0.00;14.69;CarA;177.79;104.80
121.00;270.00;veh11;L8_1;64.61;0.00;12.96;CarA;235.39;101.60
121.00;90.00;veh12;L2_0;13.97;0.00;14.07;CarB;-85.88;95.20
121.00;90.06;veh13;D2_0;62.45;0.00;11.87;CarB;-137.55;95.24
121.00;90.06;veh14;D2_0;23.90;0.00;6.28;CarB;-176.11;95.28
121.00;90.00;veh15;L4_0;11.26;0.00;12.04;CarB;-88.74;-4.80
121.00;90.00;veh16;D4_1;64.23;0.00;11.39;CarB;-135.77;-1.60
121.00;90.00;veh17;D4_0;24.93;0.00;6.50;CarB;-175.07;-4.80
121.00;270.00;veh18;L6_1;13.94;0.00;12.55;CarB;286.06;1.60
121.00;90.00;veh2;L2_0;71.72;0.00;11.95;CarA;-28.13;95.20
121.00;90.00;veh3;L14_0;66.66;0.00;14.21;CarA;70.66;-8.00
121.00;90.00;veh4;L14_1;16.15;0.00;13.61;CarA;20.15;-4.80
121.00;90.00;veh5;L4_1;46.88;0.00;10.13;CarA;-53.12;-1.60
121.00;270.00;veh6;L17_1;55.09;0.00;14.29;CarA;140.91;4.80
121.00;270.00;veh7;L6_1;90.36;0.00;11.56;CarA;209.64;1.60
121.00;270.00;veh8;L6_0;60.90;0.00;12.46;CarA;239.10;4.80
121.00;270.00;veh9;L9_0;7.61;0.00;10.73;CarA;188.39;108.00
122.00;90.00;veh0;L12_1;72.10;0.00;14.52;CarA;76.10;95.20
122.00;93.31;veh1;L12_0;3.62;0.00;11.73;CarA;7.62;92.00
122.00;270.00;veh10;L9_1;32.69;0.00;14.47;CarA;163.31;104.80
122.00;270.00;veh11;L8_1;78.51;0.00;13.90;CarA;221.49;101.60
122.00;90.00;veh12;L2_0;28.38;0.00;14.41;CarB;-71.47;95.20
122.00;90.06;veh13;D2_0;75.75;0.00;13.30;CarB;-124.25;95.22
122.00;90.06;veh14;D2_0;31.60;0.00;7.70;CarB;-168.41;95.27
122.00;90.00;veh15;L4_0;23.49;0.00;12.23;CarB;-76.51;-4.80
122.00;90.00;veh16;D4_1;75.55;0.00;11.32;CarB;-124.45;-1.60
122.00;90.00;veh17;D4_0;33.02;0.00;8.09;CarB;-166.98;-4.80
122.00;270.00;veh18;L6_1;26.74;0.00;12.80;CarB;273.26;1.60
122.00;90.00;veh2;L2_0;84.99;0.00;13.27;CarA;-14.86;95.20
122.00;90.00;veh3;L14_0;80.34;0.00;13.68;CarA;84.34;-8.00
122.00;90.00;veh4;L14_1;29.59;0.00;13.44;CarA;33.59;-4.80
122.00;90.00;veh5;L4_1;57.75;0.00;10.87;CarA;-42.25;-1.60
122.00;270.00;veh6;L17_1;68.56;0.00;13.47;CarA;127.44;4.80
122.00;296.46;veh7;:4_0_1;5.54;0.00;11.18;CarA;198.93;3.96
122.00;270.00;veh8;L6_0;73.78;0.00;12.88;CarA;226.22;4.80
122.00;270.00;veh9;L9_0;19.39;0.00;11.77;CarA;176.61;108.00
123.00;92.38;veh0;:6_9_0;3.37;0.00;13.67;CarA;89.78;94.99
123.00;90.00;veh1;L12_0;15.94;0.00;12.32;CarA;19.94;92.00
123.00;270.00;veh10;L9_1;47.82;0.00;15.14;CarA;148.18;104.80
123.00;270.00;veh11;L8_1;92.10;0.00;13.60;CarA;207.90;101.60
123.00;90.00;veh12;L2_0;42.75;0.00;14.37;CarB;-57.10;95.20
123.00;90.06;veh13;D2_0;91.03;0.00;15.28;CarB;-108.98;95.21
123.00;90.06;veh14;D2_0;40.62;0.00;9.02;CarB;-159.39;95.26
123.00;90.00;veh15;L4_0;35.51;0.00;12.02;CarB;-64.49;-4.80
123.00;90.00;veh16;D4_1;87.10;0.00;11.55;CarB;-112.90;-1.60
123.00;90.00;veh17;D4_1;42.70;0.00;9.69;CarB;-157.30;-1.60
123.00;270.00;veh18;L6_1;39.25;0.00;12.51;CarB;260.75;1.60
123.00;93.25;veh2;:1_3_0;1.36;0.00;12.22;CarA;-2.58;94.91
123.00;90.00;veh3;:3_9_0;12.40;0.00;14.46;CarA;98.76;-8.00
123.00;90.00;veh4;L14_1;43.84;0.00;14.25;CarA;47.84;-4.80
123.00;90.00;veh5;L4_1;68.32;0.00;10.57;CarA;-31.68;-1.60
123.00;270.00;veh6;L17_1;82.07;0.00;13.51;CarA;113.93;4.80
123.00;270.00;veh7;L17_1;8.03;0.00;11.03;CarA;187.97;4.80
123.00;270.00;veh8;L6_0;86.70;0.00;12.92;CarA;213.30;4.80
123.00;270.00;veh9;L9_0;31.06;0.00;11.67;CarA;164.94;108.00
124.00;101.31;veh0;:6_9_0;17.01;0.00;13.65;CarA;103.33;92.93
124.00;90.00;veh1;L12_0;28.52;0.00;12.58;CarA;32.52;92.00
124.00;270.00;veh10;L9_1;62.49;0.00;14.66;CarA;133.51;104.80
124.00;283.23;veh11;L9_1;1.50;0.00;13.93;CarA;194.50;104.80
124.00;90.00;veh12;L2_0;57.01;0.00;14.26;CarB;-42.84;95.20
124.00;90.01;veh13;L2_0;5.94;0.00;15.07;CarB;-93.91;95.20
124.00;90.06;veh14;D2_0;51.04;0.00;10.42;CarB;-148.97;95.25
124.00;90.00;veh15;L4_0;48.23;0.00;12.72;CarB;-51.77;-4.80
124.00;90.00;veh16;D4_1;99.29;0.00;12.19;CarB;-100.71;-1.60
124.00;90.00;veh17;D4_1;53.75;0.00;11.04;CarB;-146.25;-1.60
124.00;270.00;veh18;L6_1;51.31;0.00;12.06;CarB;248.69;1.60
124.00;90.00;veh2;L12_0;5.21;0.00;12.12;CarA;9.21;92.00
124.00;90.00;veh3;:3_9_0;26.72;0.00;14.33;CarA;113.05;-8.00
124.00;90.00;veh4;L14_1;56.79;0.00;12.94;CarA;60.79;-4.80
124.00;90.00;veh5;L4_1;78.52;0.00;10.20;CarA;-21.48;-1.60
124.00;281.31;veh6;:3_6_0;13.20;0.00;13.53;CarA;100.44;6.31
124.00;270.00;veh7;L17_1;19.64;0.00;11.61;CarA;176.36;4.80
124.00;277.67;veh8;:4_0_0;2.72;0.00;12.02;CarA;201.30;5.47
124.00;270.00;veh9;L9_0;41.47;0.00;10.42;CarA;154.53;108.00
125.00;90.97;veh0;L10_0;3.63;0.00;13.90;CarA;117.23;92.00
125.00;90.00;veh1;L12_0;40.09;0.00;11.57;CarA;44.09;92.00
125.00;270.00;veh10;L9_1;76.87;0.00;14.38;CarA;119.13;104.80
125.00;270.00;veh11;L9_1;15.41;0.00;13.91;CarA;180.59;104.80
125.00;90.00;veh12;L2_0;71.02;0.00;14.01;CarB;-28.83;95.20
125.00;90.00;veh13;L2_0;21.32;0.00;15.38;CarB;-78.53;95.20
125.00;90.06;veh14;D2_0;63.27;0.00;12.23;CarB;-136.74;95.24
125.00;90.00;veh15;L4_0;60.76;0.00;12.53;CarB;-39.24;-4.80
125.00;90.00;veh16;L4_1;10.75;0.00;11.56;CarB;-89.25;-1.60
125.00;90.00;veh17;D4_1;66.37;0.00;12.62;CarB;-133.63;-1.60
125.00;270.00;veh18;L6_1;63.50;0.00;12.19;CarB;236.50;1.60
125.00;90.00;veh2;L12_0;17.95;0.00;12.74;CarA;21.95;92.00
125.00;90.00;veh3;L18_0;14.00;0.00;14.55;CarA;127.60;-8.00
125.00;90.00;veh4;L14_1;70.00;0.00;13.21;CarA;74.00;-4.80
125.00;90.00;veh5;L4_1;89.09;0.00;10.57;CarA;-10.91;-1.60
125.00;273.45;veh6;L13_0;0.12;0.00;14.20;CarA;86.28;8.00
125.00;270.00;veh7;L17_1;31.08;0.00;11.44;CarA;164.92;4.80
125.00;270.00;veh8;L17_0;6.97;0.00;12.79;CarA;189.03;8.00
125.00;270.00;veh9;L9_0;52.25;0.00;10.78;CarA;143.75;108.00
126.00;90.00;veh0;L10_0;17.95;0.00;14.32;CarA;131.55;92.00
126.00;90.00;veh1;L12_0;51.79;0.00;11.70;CarA;55.79;92.00
126.00;261.87;veh10;:6_3_0;5.50;0.00;11.02;CarA;108.16;104.02
126.00;270.00;veh11;L9_1;28.69;0.00;13.29;CarA;167.31;104.80
126.00;90.00;veh12;L2_0;85.42;0.00;14.41;CarB;-14.43;95.20
126.00;90.00;veh13;L2_0;36.35;0.00;15.04;CarB;-63.50;95.20
126.00;90.06;veh14;D2_0;76.24;0.00;12.98;CarB;-123.76;95.22
126.00;90.00;veh15;L4_0;73.20;0.00;12.44;CarB;-26.80;-4.80
126.00;90.00;veh16;L4_1;22.04;0.00;11.29;CarB;-77.96;-1.60
126.00;90.00;veh17;D4_1;78.65;0.00;12.28;CarB;-121.35;-1.60
126.00;270.00;veh18;L6_1;75.93;0.00;12.43;CarB;224.07;1.60
126.00;90.00;veh2;L12_0;30.19;0.00;12.23;CarA;34.19;92.00
126.00;90.00;veh3;L18_0;27.99;0.00;13.99;CarA;141.59;-8.00
126.00;90.00;veh4;L14_1;81.91;0.00;11.91;CarA;85.91;-4.80
126.00;103.02;veh5;:2_3_1;3.47;0.00;10.38;CarA;-0.67;-2.72
126.00;270.00;veh6;L13_0;13.71;0.00;13.59;CarA;72.69;8.00
126.00;270.00;veh7;L17_1;42.03;0.00;10.95;CarA;153.97;4.80
126.00;270.00;veh8;L17_0;19.45;0.00;12.48;CarA;176.55;8.00
126.00;270.00;veh9;L9_0;63.68;0.00;11.43;CarA;132.32;108.00
127.00;90.00;veh0;L10_0;31.82;0.00;13.87;CarA;145.42;92.00
127.00;90.00;veh1;L12_0;64.66;0.00;12.88;CarA;68.66;92.00
127.00;249.23;veh10;:6_3_0;10.90;0.00;5.40;CarA;103.17;102.23
127.00;270.00;veh11;L9_1;42.36;0.00;13.66;CarA;153.64;104.80
127.00;90.00;veh12;:1_3_1;3.83;0.00;14.26;CarB;-0.29;95.20
127.00;90.00;veh13;L2_0;51.50;0.00;15.15;CarB;-48.35;95.20
127.00;90.06;veh14;D2_0;89.15;0.00;12.91;CarB;-110.86;95.21
127.00;90.00;veh15;L4_0;85.44;0.00;12.24;CarB;-14.56;-4.80
127.00;90.00;veh16;L4_1;34.21;0.00;12.17;CarB;-65.79;-1.60
127.00;90.00;veh17;D4_1;91.57;0.00;12.92;CarB;-108.43;-1.60
127.00;270.00;veh18;L6_1;88.48;0.00;12.54;CarB;211.52;1.60
127.00;90.00;veh2;L12_0;41.53;0.00;11.34;CarA;45.53;92.00
127.00;90.00;veh3;L18_0;41.56;0.00;13.57;CarA;155.16;-8.00
127.00;81.40;veh4;:3_12_0;9.94;0.00;10.43;CarA;96.22;-3.46
127.00;90.00;veh5;L14_1;5.77;0.00;10.84;CarA;9.77;-4.80
127.00;270.00;veh6;L13_0;27.67;0.00;13.96;CarA;58.73;8.00
127.00;270.00;veh7;L17_1;52.89;0.00;10.86;CarA;143.11;4.80
127.00;270.00;veh8;L17_0;31.51;0.00;12.07;CarA;164.49;8.00
127.00;270.00;veh9;L9_0;75.26;0.00;11.59;CarA;120.74;108.00
128.00;90.00;veh0;L10_0;45.80;0.00;13.97;CarA;159.40;92.00
128.00;90.00;veh1;L12_0;75.62;0.00;10.96;CarA;79.62;92.00
128.00;218.47;veh10;:6_12_0;5.11;0.00;7.57;CarA;97.93;97.08
128.00;270.00;veh11;L9_1;56.60;0.00;14.24;CarA;139.40;104.80
128.00;90.00;veh12;L12_1;9.42;0.00;13.86;CarB;13.42;95.20
128.00;90.00;veh13;L2_0;67.04;0.00;15.54;CarB;-32.81;95.20
128.00;90.04;veh14;L2_0;2.42;0.00;13.43;CarB;-97.43;95.20
128.00;93.55;veh15;:2_3_0;2.27;0.00;12.84;CarB;-1.70;-5.27
128.00;90.00;veh16;L4_1;46.39;0.00;12.18;CarB;-53.61;-1.60
128.00;90.00;veh17;L4_1;3.89;0.00;12.42;CarB;-96.11;-1.60
128.00;283.67;veh18;:4_0_1;4.52;0.00;12.04;CarB;199.79;3.35
128.00;90.00;veh2;L12_0;54.94;0.00;13.41;CarA;58.94;92.00
128.00;90.00;veh3;L18_0;56.49;0.00;14.94;CarA;170.09;-8.00
128.00;62.96;veh4;:3_12_0;14.92;0.00;4.97;CarA;100.65;-1.20
128.00;90.00;veh5;L14_1;16.55;0.00;10.78;CarA;20.55;-4.80
128.00;270.00;veh6;L13_0;40.84;0.00;13.17;CarA;45.56;8.00
128.00;270.00;veh7;L17_1;64.87;0.00;11.98;CarA;131.13;4.80
128.00;270.00;veh8;L17_0;44.23;0.00;12.72;CarA;151.77;8.00
128.00;270.00;veh9;:6_0_0;4.50;0.00;11.64;CarA;109.11;108.00
129.00;90.00;veh0;L10_0;60.51;0.00;14.71;CarA;174.11;92.00
129.00;90.00;veh1;L12_0;80.60;0.00;4.98;CarA;84.60;92.00
129.00;188.13;veh10;:6_12_0;15.57;0.00;10.46;CarA;95.30;87.13
129.00;270.00;veh11;L9_1;69.43;0.00;12.83;CarA;126.57;104.80
129.00;90.00;veh12;L12_1;23.12;0.00;13.70;CarB;27.12;95.20
129.00;90.00;veh13;L2_0;81.70;0.00;14.66;CarB;-18.15;95.20
129.00;90.00;veh14;L2_0;15.63;0.00;13.20;CarB;-84.22;95.20
129.00;91.66;veh15;L14_0;6.44;0.00;12.70;CarB;10.44;-8.00
129.00;90.00;veh16;L4_1;58.23;0.00;11.83;CarB;-41.77;-1.60
129.00;90.00;veh17;L4_1;16.59;0.00;12.70;CarB;-83.41;-1.60
129.00;270.00;veh18;L17_1;8.56;0.00;12.58;CarB;187.44;4.80
129.00;90.00;veh2;L12_0;65.99;0.00;11.05;CarA;69.99;92.00
129.00;90.00;veh3;L18_0;70.92;0.00;14.43;CarA;184.52;-8.00
129.00;35.16;veh4;:3_15_0;7.33;0.00;7.88;CarA;105.88;4.45
129.00;90.00;veh5;L14_1;27.69;0.00;11.14;CarA;31.69;-4.80
129.00;270.00;veh6;L13_0;55.02;0.00;14.18;CarA;31.38;8.00
129.00;270.00;veh7;L17_1;75.32;0.00;10.45;CarA;120.68;4.80
129.00;270.00;veh8;L17_0;57.23;0.00;13.00;CarA;138.77;8.00
129.00;270.00;veh9;:6_0_0;15.77;0.00;11.27;CarA;97.87;108.00
130.00;90.00;veh0;L10_0;74.02;0.00;13.51;CarA;187.62;92.00
130.00;90.00;veh1;L12_0;81.20;0.00;0.59;CarA;85.20;92.00
130.00;180.00;veh10;L15_0;10.17;0.00;10.91;CarA;92.00;76.23
130.00;270.00;veh11;L9_1;81.37;0.00;11.94;CarA;114.63;104.80
130.00;90.00;veh12;L12_1;37.06;0.00;13.95;CarB;41.06;95.20
130.00;91.06;veh13;:1_3_0;0.66;0.00;14.81;CarB;-3.31;95.06
130.00;90.00;veh14;L2_0;28.58;0.00;12.95;CarB;-71.27;95.20
130.00;90.00;veh15;L14_0;18.62;0.00;12.18;CarB;22.62;-8.00
130.00;90.00;veh16;L4_1;70.14;0.00;11.91;CarB;-29.86;-1.60
130.00;90.00;veh17;L4_1;29.28;0.00;12.69;CarB;-70.72;-1.60
130.00;270.00;veh18;L17_1;21.29;0.00;12.73;CarB;174.71;4.80
130.00;90.00;veh2;L12_0;72.02;0.00;6.03;CarA;76.02;92.00
130.00;90.00;veh3;:4_3_0;2.31;0.00;13.78;CarA;198.31;-8.00
130.00;8.76;veh4;L16_0;0.40;0.00;9.91;CarA;108.00;14.00
130.00;90.00;veh5;L14_1;38.23;0.00;10.54;CarA;42.23;-4.80
130.00;270.00;veh6;L13_0;68.22;0.00;13.19;CarA;18.18;8.00
130.00;270.00;veh7;L17_1;80.89;0.00;5.57;CarA;115.11;4.80
130.00;270.00;veh8;L17_0;69.36;0.00;12.13;CarA;126.64;8.00
130.00;270.00;veh9;:6_0_0;26.52;0.00;10.74;CarA;87.16;108.00
131.00;90.00;veh0;:5_3_0;4.96;0.00;13.34;CarA;200.96;92.00
131.00;90.00;veh1;L12_0;81.37;0.00;0.18;CarA;85.37;92.00
131.00;180.00;veh10;L15_0;23.81;0.00;13.63;CarA;92.00;62.59
131.00;255.92;veh11;:6_3_0;9.45;0.00;10.48;CarA;104.42;102.97
131.00;90.00;veh12;L12_1;50.78;0.00;13.72;CarB;54.78;95.20
131.00;90.45;veh13;L12_0;7.22;0.00;14.83;CarB;11.22;92.00
131.00;90.00;veh14;L2_0;42.03;0.00;13.46;CarB;-57.82;95.20
131.00;90.00;veh15;L14_0;31.36;0.00;12.74;CarB;35.36;-8.00
131.00;90.00;veh16;L4_1;81.63;0.00;11.49;CarB;-18.37;-1.60
131.00;90.00;veh17;L4_1;41.51;0.00;12.23;CarB;-58.49;-1.60
131.00;270.00;veh18;L17_1;33.92;0.00;12.63;CarB;162.08;4.80
131.00;90.00;veh2;L12_0;73.14;0.00;1.12;CarA;77.14;92.00
131.00;90.00;veh3;L5_0;8.86;0.00;14.56;CarA;212.86;-8.00
131.00;0.00;veh4;L16_0;12.45;0.00;12.05;CarA;108.00;26.05
131.00;90.00;veh5;L14_1;48.90;0.00;10.67;CarA;52.90;-4.80
131.00;270.00;veh6;L13_0;82.06;0.00;13.85;CarA;4.34;8.00
131.00;270.00;veh7;L17_1;81.40;0.00;0.50;CarA;114.60;4.80
131.00;270.00;veh8;L17_0;77.92;0.00;8.56;CarA;118.08;8.00
131.00;270.00;veh9;L11_0;10.42;0.00;11.19;CarA;75.98;108.00
132.00;90.00;veh0;L7_0;11.53;0.00;14.57;CarA;215.53;92.00
132.00;90.00;veh1;L12_0;81.39;0.00;0.02;CarA;85.39;92.00
132.00;180.00;veh10;L15_0;37.53;0.00;13.72;CarA;92.00;48.87
132.00;210.96;veh11;:6_12_0;7.08;0.00;10.99;CarA;96.92;95.39
132.00;90.00;veh12;L12_1;64.81;0.00;14.03;CarB;68.81;95.20
132.00;90.00;veh13;L12_0;22.50;0.00;15.28;CarB;26.50;92.00
132.00;90.00;veh14;L2_0;55.07;0.00;13.04;CarB;-44.78;95.20
132.00;90.00;veh15;L14_0;43.92;0.00;12.57;CarB;47.92;-8.00
132.00;90.00;veh16;L4_1;93.14;0.00;11.50;CarB;-6.86;-1.60
132.00;90.00;veh17;L4_1;54.23;0.00;12.72;CarB;-45.77;-1.60
132.00;270.00;veh18;L17_1;46.09;0.00;12.17;CarB;149.91;4.80
132.00;90.00;veh2;L12_0;73.77;0.00;0.62;CarA;77.77;92.00
132.00;90.00;veh3;L5_0;22.56;0.00;13.69;CarA;226.56;-8.00
132.00;0.00;veh4;L16_0;25.46;0.00;13.01;CarA;108.00;39.06
132.00;90.00;veh5;L14_1;59.88;0.00;10.99;CarA;63.88;-4.80
132.00;270.00;veh6;L3_0;6.06;0.00;14.40;CarA;-10.06;8.00
132.00;270.00;veh7;L17_1;81.40;0.00;0.00;CarA;114.60;4.80
132.00;270.00;veh8;L17_0;80.48;0.00;2.56;CarA;115.52;8.00
132.00;270.00;veh9;L11_0;21.49;0.00;11.07;CarA;64.91;108.00
133.00;90.00;veh0;L7_0;24.97;0.00;13.45;CarA;228.97;92.00
133.00;90.00;veh1;L12_0;81.40;0.00;0.00;CarA;85.40;92.00
133.00;180.00;veh10;L15_0;51.55;0.00;14.02;CarA;92.00;34.85
133.00;185.40;veh11;L15_1;1.68;0.00;10.91;CarA;95.20;84.72
133.00;90.00;veh12;L12_1;75.81;0.00;11.00;CarB;79.81;95.20
133.00;90.00;veh13;L12_0;37.29;0.00;14.80;CarB;41.29;92.00
133.00;90.00;veh14;L2_0;68.83;0.00;13.76;CarB;-31.02;95.20
133.00;90.00;veh15;L14_0;56.25;0.00;12.33;CarB;60.25;-8.00
133.00;113.21;veh16;L14_1;0.03;0.00;11.43;CarB;4.03;-4.80
133.00;90.00;veh17;L4_1;66.90;0.00;12.68;CarB;-33.10;-1.60
133.00;270.00;veh18;L17_1;58.33;0.00;12.24;CarB;137.67;4.80
133.00;90.00;veh2;L12_0;73.85;0.00;0.08;CarA;77.85;92.00
133.00;90.00;veh3;L5_0;37.59;0.00;15.04;CarA;241.59;-8.00
133.00;0.00;veh4;L16_0;39.63;0.00;14.18;CarA;108.00;53.23
133.00;90.00;veh5;L14_1;70.06;0.00;10.18;CarA;74.06;-4.80
133.00;270.00;veh6;L3_0;19.25;0.00;13.19;CarA;-23.25;8.00
133.00;270.00;veh7;L17_1;81.40;0.00;0.00;CarA;114.60;4.80
133.00;270.00;veh8;L17_0;80.96;0.00;0.49;CarA;115.04;8.00
133.00;270.00;veh9;L11_0;32.64;0.00;11.14;CarA;53.76;108.00
134.00;90.00;veh0;L7_0;39.02;0.00;14.04;CarA;243.02;92.00
134.00;90.00;veh1;L12_0;81.40;0.00;0.00;CarA;85.40;92.00
134.00;180.00;veh10;L15_0;63.29;0.00;11.74;CarA;92.00;23.11
134.00;180.00;veh11;L15_1;15.54;0.00;13.86;CarA;95.20;70.86
134.00;90.00;veh12;L12_1;80.82;0.00;5.00;CarB;84.82;95.20
134.00;90.00;veh13;L12_0;52.57;0.00;15.28;CarB;56.57;92.00
134.00;90.00;veh14;L2_0;81.70;0.00;12.87;CarB;-18.15;95.20
134.00;90.00;veh15;L14_0;68.55;0.00;12.30;CarB;72.55;-8.00
134.00;90.00;veh16;L14_1;12.13;0.00;12.10;CarB;16.13;-4.80
134.00;90.00;veh17;L4_1;79.81;0.00;12.90;CarB;-20.19;-1.60
134.00;270.00;veh18;L17_2;68.59;0.00;10.26;CarB;127.41;1.60
134.00;90.00;veh2;L12_0;73.88;0.00;0.03;CarA;77.88;92.00
134.00;90.00;veh3;L5_0;52.14;0.00;14.55;CarA;256.14;-8.00
134.00;0.00;veh4;L16_0;53.14;0.00;13.51;CarA;108.00;66.74
134.00;90.00;veh5;L14_1;81.09;0.00;11.03;CarA;85.09;-4.80
134.00;270.00;veh6;L3_0;32.71;0.00;13.46;CarA;-36.71;8.00
134.00;270.00;veh7;L17_1;81.40;0.00;0.00;CarA;114.60;4.80
134.00;270.00;veh8;L17_0;81.40;0.00;0.43;CarA;114.60;8.00
134.00;270.00;veh9;L11_0;44.34;0.00;11.70;CarA;42.06;108.00
135.00;90.00;veh0;L7_0;52.45;0.00;13.43;CarA;256.45;92.00
135.00;90.00;veh1;L12_0;81.40;0.00;0.00;CarA;85.40;92.00
135.00;180.00;veh10;L15_0;69.55;0.00;6.26;CarA;92.00;16.85
135.00;180.00;veh11;L15_1;29.34;0.00;13.80;CarA;95.20;57.06
135.00;90.00;veh12;L12_1;81.39;0.00;0.57;CarB;85.39;95.20
135.00;90.00;veh13;L12_0;62.40;0.00;9.82;CarB;66.40;92.00
135.00;90.00;veh14;L2_0;94.63;0.00;12.93;CarB;-5.22;95.20
135.00;90.00;veh15;L14_0;80.54;0.00;11.99;CarB;84.54;-8.00
135.00;90.00;veh16;L14_1;23.36;0.00;11.22;CarB;27.36;-4.80
135.00;90.00;veh17;L4_1;92.01;0.00;12.20;CarB;-7.99;-1.60
135.00;270.00;veh18;L17_2;77.82;0.00;9.23;CarB;118.18;1.60
135.00;90.00;veh2;L12_0;73.89;0.00;0.01;CarA;77.89;92.00
135.00;90.00;veh3;L5_0;66.98;0.00;14.84;CarA;270.98;-8.00
135.00;0.00;veh4;L16_0;65.35;0.00;12.21;CarA;108.00;78.95
135.00;81.87;veh5;:3_12_1;7.85;0.00;9.16;CarA;94.17;-3.69
135.00;270.00;veh6;L3_0;47.16;0.00;14.46;CarA;-51.16;8.00
135.00;270.00;veh7;L17_1;81.40;0.00;0.00;CarA;114.60;4.80
135.00;270.00;veh8;L17_0;81.40;0.00;0.00;CarA;114.60;8.00
135.00;270.00;veh9;L11_0;55.30;0.00;10.96;CarA;31.10;108.00
136.00;90.00;veh0;L7_0;65.79;0.00;13.34;CarA;269.79;92.00
136.00;90.00;veh1;L12_0;81.40;0.00;0.00;CarA;85.40;92.00
136.00;180.00;veh10;L15_0;71.51;0.00;1.97;CarA;92.00;14.89
136.00;180.00;veh11;L15_1;43.38;0.00;14.04;CarA;95.20;43.02
136.00;90.00;veh12;L12_1;81.40;0.00;0.01;CarB;85.40;95.20
136.00;90.00;veh13;L12_0;66.25;0.00;3.85;CarB;70.25;92.00
136.00;101.86;veh14;L12_0;3.45;0.00;12.94;CarB;7.45;92.00
136.00;90.00;veh15;:3_9_0;10.67;0.00;12.54;CarB;97.04;-8.00
136.00;90.00;veh16;L14_1;35.05;0.00;11.69;CarB;39.05;-4.80
136.00;113.26;veh17;:2_3_1;8.22;0.00;12.21;CarB;3.68;-4.73
136.00;270.00;veh18;L17_2;81.05;0.00;3.23;CarB;114.95;1.60
136.00;90.00;veh2;L12_0;73.90;0.00;0.00;CarA;77.90;92.00
136.00;90.00;veh3;L5_0;81.37;0.00;14.39;CarA;285.37;-8.00
136.00;0.00;veh4;L16_0;71.56;0.00;6.21;CarA;108.00;85.16
136.00;49.00;veh5;:3_16_0;3.27;0.00;8.78;CarA;101.12;1.34
136.00;270.00;veh6;L3_0;60.95;0.00;13.79;CarA;-64.95;8.00
136.00;270.00;veh7;L17_1;81.40;0.00;0.00;CarA;114.60;4.80
136.00;270.00;veh8;L17_0;81.40;0.00;0.00;CarA;114.60;8.00
136.00;270.00;veh9;L11_0;66.30;0.00;10.99;CarA;20.10;108.00
137.00;90.00;veh0;L7_0;80.12;0.00;14.33;CarA;284.12;92.00
137.00;90.00;veh1;L12_0;81.40;0.00;0.00;CarA;85.40;92.00
137.00;180.00;veh10;L15_0;71.74;0.00;0.23;CarA;92.00;14.66
137.00;180.00;veh11;L15_1;57.13;0.00;13.74;CarA;95.20;29.27
137.00;90.00;veh12;L12_1;81.40;0.00;0.00;CarB;85.40;95.20
137.00;90.00;veh13;L12_0;66.39;0.00;0.14;CarB;70.39;92.00
137.00;90.00;veh14;L12_0;16.94;0.00;13.50;CarB;20.94;92.00
137.00;90.00;veh15;:3_9_0;23.02;0.00;12.35;CarB;109.36;-8.00
137.00;90.00;veh16;L14_1;46.94;0.00;11.89;CarB;50.94;-4.80
137.00;90.00;veh17;L14_1;12.19;0.00;12.50;CarB;16.19;-4.80
137.00;270.00;veh18;L17_2;81.33;0.00;0.28;CarB;114.67;1.60
137.00;90.00;veh2;L12_0;73.90;0.00;0.00;CarA;77.90;92.00
137.00;90.00;veh3;D5_0;0.10;0.00;14.83;CarA;300.10;-8.00
137.00;0.00;veh4;L16_0;71.78;0.00;0.21;CarA;108.00;85.38
137.00;13.42;veh5;:3_16_0;12.01;0.00;8.74;CarA;104.19;9.34
137.00;270.00;veh6;L3_0;74.59;0.00;13.64;CarA;-78.59;8.00
137.00;270.00;veh7;L17_1;81.40;0.00;0.00;CarA;114.60;4.80
137.00;270.00;veh8;L17_0;81.40;0.00;0.00;CarA;114.60;8.00
137.00;270.00;veh9;L11_0;77.39;0.00;11.09;CarA;9.01;108.00
138.00;90.00;veh0;L7_0;94.47;0.00;14.35;CarA;298.47;92.00
138.00;90.00;veh1;L12_0;81.40;0.00;0.00;CarA;85.40;92.00
138.00;180.00;veh10;L15_0;71.79;0.00;0.05;CarA;92.00;14.61
138.00;180.00;veh11;L15_1;66.68;0.00;9.55;CarA;95.20;19.72
138.00;90.00;veh12;L12_1;81.40;0.00;0.00;CarB;85.40;95.20
138.00;90.00;veh13;L12_0;66.39;0.00;0.01;CarB;70.39;92.00
138.00;90.00;veh14;L12_0;30.32;0.00;13.38;CarB;34.32;92.00
138.00;90.00;veh15;L18_0;8.42;0.00;12.67;CarB;122.02;-8.00
138.00;90.00;veh16;L14_1;58.94;0.00;12.00;CarB;62.94;-4.80
138.00;90.00;veh17;L14_1;24.72;0.00;12.53;CarB;28.72;-4.80
138.00;270.00;veh18;L17_2;81.37;0.00;0.04;CarB;114.63;1.60
138.00;90.00;veh2;L12_0;73.90;0.00;0.00;CarA;77.90;92.00
138.00;90.00;veh3;D5_0;14.92;0.00;14.82;CarA;314.92;-8.00
138.00;0.00;veh4;L16_0;71.80;0.00;0.02;CarA;108.00;85.40
138.00;1.96;veh5;L16_1;3.79;0.00;8.10;CarA;104.80;17.39
138.00;270.00;veh6;L3_0;89.06;0.00;14.46;CarA;-93.06;8.00
138.00;270.00;veh7;L17_1;81.40;0.00;0.00;CarA;114.60;4.80
138.00;270.00;veh8;L17_0;81.40;0.00;0.00;CarA;114.60;8.00
138.00;270.00;veh9;:1_0_0;6.78;0.00;11.79;CarA;-2.78;108.00
139.00;90.00;veh0;D7_0;12.61;0.00;14.24;CarA;312.61;92.00
139.00;90.00;veh1;L12_0;81.40;0.00;0.00;CarA;85.40;92.00
139.00;180.00;veh10;L15_0;71.80;0.00;0.01;CarA;92.00;14.60
139.00;180.00;veh11;L15_1;70.89;0.00;4.21;CarA;95.20;15.51
139.00;90.00;veh12;L12_1;81.40;0.00;0.00;CarB;85.40;95.20
139.00;90.00;veh13;L12_0;66.40;0.00;0.00;CarB;70.40;92.00
139.00;90.00;veh14;L12_0;43.99;0.00;13.67;CarB;47.99;92.00
139.00;90.00;veh15;L18_0;20.72;0.00;12.30;CarB;134.32;-8.00
139.00;90.00;veh16;L14_1;71.05;0.00;12.10;CarB;75.05;-4.80
139.00;90.00;veh17;L14_1;37.37;0.00;12.65;CarB;41.37;-4.80
139.00;270.00;veh18;L17_2;81.39;0.00;0.02;CarB;114.61;1.60
139.00;90.00;veh2;L12_0;73.90;0.00;0.00;CarA;77.90;92.00
139.00;90.00;veh3;D5_0;28.64;0.00;13.72;CarA;328.64;-8.00
139.00;0.00;veh4;L16_0;71.80;0.00;0.00;CarA;108.00;85.40
139.00;0.00;veh5;L16_1;14.31;0.00;10.52;CarA;104.80;27.91
139.00;270.00;veh6;D3_0;7.11;0.00;14.15;CarA;-107.11;8.00
139.00;270.00;veh7;L17_1;81.40;0.00;0.00;CarA;114.60;4.80
139.00;270.00;veh8;L17_0;81.40;0.00;0.00;CarA;114.60;8.00
139.00;270.00;veh9;L1_0;9.56;0.00;10.79;CarA;-13.56;108.00
140.00;90.00;veh0;D7_0;27.19;0.00;14.58;CarA;327.19;92.00
140.00;92.02;veh1;:6_8_0;1.25;0.00;2.25;CarA;87.63;91.82
140.00;182.09;veh10;:3_0_0;1.29;0.00;2.29;CarA;91.82;12.33
140.00;172.94;veh11;:3_1_0;4.34;0.00;6.25;CarA;95.81;9.30
140.00;90.00;veh12;L12_1;81.40;0.00;0.00;CarB;85.40;95.20
140.00;90.00;veh13;L12_0;66.40;0.00;0.00;CarB;70.40;92.00
140.00;90.00;veh14;L12_0;53.18;0.00;9.19;CarB;57.18;92.00
140.00;90.00;veh15;L18_0;32.94;0.00;12.22;CarB;146.54;-8.00
140.00;90.00;veh16;L14_1;78.48;0.00;7.43;CarB;82.48;-4.80
140.00;90.00;veh17;L14_1;49.83;0.00;12.46;CarB;53.83;-4.80
140.00;270.00;veh18;L17_2;81.40;0.00;0.01;CarB;114.60;1.60
140.00;90.00;veh2;L12_0;73.90;0.00;0.00;CarA;77.90;92.00
140.00;90.00;veh3;D5_0;43.48;0.00;14.84;CarA;343.48;-8.00
140.00;1.81;veh4;:6_5_0;1.11;0.00;2.12;CarA;108.16;87.50
140.00;0.00;veh5;L16_1;24.71;0.00;10.41;CarA;104.80;38.31
140.00;270.00;veh6;D3_0;20.23;0.00;13.12;CarA;-120.23;8.00
140.00;272.96;veh7;:3_3_1;1.82;0.00;2.82;CarA;111.79;5.06
140.00;271.81;veh8;:3_3_0;1.11;0.00;2.12;CarA;112.50;8.16
140.00;270.00;veh9;L1_0;20.21;0.00;10.65;CarA;-24.21;108.00
141.00;90.00;veh0;D7_0;41.17;0.00;13.98;CarA;341.17;92.00
141.00;127.44;veh1;:6_8_0;6.47;0.00;5.23;CarA;91.61;88.92
141.00;203.42;veh10;:3_0_0;5.12;0.00;3.83;CarA;90.08;9.09
141.00;151.38;veh11;:3_1_0;12.61;0.00;8.27;CarA;98.65;1.71
141.00;90.00;veh12;L12_1;81.40;0.00;0.00;CarB;85.40;95.20
141.00;90.00;veh13;L12_0;66.40;0.00;0.00;CarB;70.40;92.00
141.00;90.00;veh14;L12_0;56.38;0.00;3.19;CarB;60.38;92.00
141.00;90.00;veh15;L18_0;45.39;0.00;12.45;CarB;158.99;-8.00
141.00;90.00;veh16;L14_1;80.56;0.00;2.08;CarB;84.56;-4.80
141.00;90.00;veh17;L14_2;62.30;0.00;12.46;CarB;66.30;-1.60
141.00;270.00;veh18;L17_2;81.40;0.00;0.00;CarB;114.60;1.60
141.00;90.00;veh2;L12_0;75.77;0.00;1.87;CarA;79.77;92.00
141.00;90.00;veh3;D5_0;57.97;0.00;14.49;CarA;357.97;-8.00
141.00;29.40;veh4;:6_5_0;5.70;0.00;4.59;CarA;110.42;91.21
141.00;0.00;veh5;L16_1;35.97;0.00;11.25;CarA;104.80;49.57
141.00;270.00;veh6;D3_0;34.66;0.00;14.43;CarA;-134.66;8.00
141.00;288.97;veh7;:3_3_1;6.26;0.00;4.44;CarA;107.71;6.57
141.00;297.90;veh8;:3_3_0;5.56;0.00;4.44;CarA;108.86;10.29
141.00;270.00;veh9;L1_0;31.63;0.00;11.42;CarA;-35.63;108.00
142.00;90.00;veh0;D7_0;55.70;0.00;14.53;CarA;355.70;92.00
142.00;145.58;veh1;L15_1;3.47;0.00;6.03;CarA;95.20;82.93
142.00;264.62;veh10;L13_0;2.30;0.00;6.21;CarA;84.10;8.00
142.00;116.34;veh11;:3_1_0;22.57;0.00;9.96;CarA;106.57;-3.80
142.00;90.00;veh12;L12_1;81.40;0.00;0.00;CarB;85.40;95.20
142.00;90.00;veh13;L12_0;67.59;0.00;1.20;CarB;71.59;92.00
142.00;90.00;veh14;L12_0;56.39;0.00;0.02;CarB;60.39;92.00
142.00;90.00;veh15;L18_0;57.71;0.00;12.32;CarB;171.31;-8.00
142.00;90.00;veh16;L14_1;81.02;0.00;0.46;CarB;85.02;-4.80
142.00;90.00;veh17;L14_2;73.75;0.00;11.45;CarB;77.75;-1.60
142.00;270.00;veh18;L17_2;81.40;0.00;0.00;CarB;114.60;1.60
142.00;90.00;veh2;L12_0;79.38;0.00;3.61;CarA;83.38;92.00
142.00;90.00;veh3;D5_0;72.08;0.00;14.11;CarA;372.08;-8.00
142.00;83.71;veh4;L10_0;2.15;0.00;5.48;CarA;115.75;92.00
142.00;0.00;veh5;L16_1;47.12;0.00;11.15;CarA;104.80;60.72
142.00;270.00;veh6;D3_0;48.89;0.00;14.24;CarA;-148.89;8.00
142.00;339.29;veh7;:3_3_1;12.55;0.00;6.29;CarA;105.03;11.98
142.00;353.89;veh8;L16_0;2.18;0.00;5.65;CarA;108.00;15.78
142.00;270.00;veh9;L1_0;43.36;0.00;11.73;CarA;-47.36;108.00
143.00;90.00;veh0;D7_0;69.06;0.00;13.36;CarA;369.06;92.00
143.00;180.00;veh1;L15_1;11.24;0.00;7.77;CarA;95.20;75.16
143.00;270.00;veh10;L13_0;10.92;0.00;8.61;CarA;75.48;8.00
143.00;91.31;veh11;L18_1;4.20;0.00;11.30;CarA;117.80;-4.80
143.00;90.00;veh12;L12_1;81.40;0.00;0.00;CarB;85.40;95.20
143.00;90.00;veh13;L12_0;69.85;0.00;2.26;CarB;73.85;92.00
143.00;90.00;veh14;L12_0;57.15;0.00;0.76;CarB;61.15;92.00
143.00;90.00;veh15;L18_0;70.02;0.00;12.30;CarB;183.62;-8.00
143.00;90.00;veh16;L14_1;81.38;0.00;0.36;CarB;85.38;-4.80
143.00;90.00;veh17;L14_2;79.82;0.00;6.08;CarB;83.82;-1.60
143.00;270.00;veh18;L17_2;81.40;0.00;0.00;CarB;114.60;1.60
143.00;96.44;veh2;:6_8_0;2.87;0.00;5.90;CarA;89.19;91.45
143.00;90.00;veh3;D5_0;87.07;0.00;14.99;CarA;387.07;-8.00
143.00;90.00;veh4;L10_0;9.25;0.00;7.10;CarA;122.85;92.00
143.00;0.00;veh5;L16_1;57.77;0.00;10.65;CarA;104.80;71.37
143.00;270.00;veh6;D3_0;62.97;0.00;14.08;CarA;-162.97;8.00
143.00;0.00;veh7;L16_1;5.10;0.00;6.75;CarA;104.80;18.70
143.00;0.00;veh8;L16_0;10.62;0.00;8.44;CarA;108.00;24.22
143.00;270.00;veh9;L1_0;54.54;0.00;11.18;CarA;-58.54;108.00
144.00;90.00;veh0;D7_0;82.42;0.00;13.36;CarA;382.42;92.00
144.00;180.00;veh1;L15_1;21.49;0.00;10.25;CarA;95.20;64.91
144.00;270.00;veh10;L13_0;21.31;0.00;10.39;CarA;65.09;8.00
144.00;90.00;veh11;L18_1;16.97;0.00;12.78;CarA;130.57;-4.80
144.00;90.00;veh12;L12_1;81.40;0.00;0.00;CarB;85.40;95.20
144.00;90.00;veh13;L12_0;74.05;0.00;4.20;CarB;78.05;92.00
144.00;90.00;veh14;L12_0;59.38;0.00;2.23;CarB;63.38;92.00
144.00;90.00;veh15;L18_0;81.91;0.00;11.90;CarB;195.51;-8.00
144.00;90.00;veh16;L14_1;81.39;0.00;0.01;CarB;85.39;-4.80
144.00;90.00;veh17;L14_2;81.00;0.00;1.18;CarB;85.00;-1.60
144.00;270.00;veh18;L17_2;81.40;0.00;0.00;CarB;114.60;1.60
144.00;161.49;veh2;L15_0;0.32;0.00;6.48;CarA;92.00;86.08
144.00;90.00;veh4;L10_0;18.80;0.00;9.55;CarA;132.40;92.00
144.00;0.00;veh5;L16_1;69.19;0.00;11.42;CarA;104.80;82.79
144.00;270.00;veh6;D3_0;76.08;0.00;13.10;CarA;-176.08;8.00
144.00;0.00;veh7;L16_1;13.50;0.00;8.39;CarA;104.80;27.10
144.00;0.00;veh8;L16_0;20.80;0.00;10.18;CarA;108.00;34.40
144.00;270.00;veh9;L1_0;65.44;0.00;10.90;CarA;-69.44;108.00
145.00;90.00;veh0;D7_0;95.87;0.00;13.45;CarA;395.87;92.00
145.00;180.00;veh1;L15_1;33.68;0.00;12.19;CarA;95.20;52.72
145.00;270.00;veh10;L13_0;34.68;0.00;13.38;CarA;51.72;8.00
145.00;90.00;veh11;L18_1;31.11;0.00;14.14;CarA;144.71;-4.80
145.00;90.00;veh12;L12_1;81.40;0.00;0.00;CarB;85.40;95.20
145.00;90.00;veh13;L12_0;79.46;0.00;5.42;CarB;83.46;92.00
145.00;90.00;veh14;L12_0;63.26;0.00;3.88;CarB;67.26;92.00
145.00;90.00;veh15;L5_0;3.85;0.00;12.33;CarB;207.85;-8.00
145.00;90.00;veh16;L14_1;81.40;0.00;0.01;CarB;85.40;-4.80
145.00;90.00;veh17;L14_2;81.33;0.00;0.32;CarB;85.33;-1.60
145.00;270.00;veh18;L17_2;81.40;0.00;0.00;CarB;114.60;1.60
145.00;180.00;veh2;L15_0;8.30;0.00;7.98;CarA;92.00;78.10
145.00;90.00;veh4;L10_0;30.83;0.00;12.04;CarA;144.43;92.00
145.00;351.87;veh5;:6_6_0;5.36;0.00;8.96;CarA;104.04;91.70
145.00;270.00;veh6;D3_0;90.30;0.00;14.22;CarA;-190.30;8.00
145.00;0.00;veh7;L16_1;23.99;0.00;10.49;CarA;104.80;37.59
145.00;0.00;veh8;L16_0;32.61;0.00;11.81;CarA;108.00;46.21
145.00;270.00;veh9;L1_0;76.00;0.00;10.56;CarA;-80.00;108.00
146.00;180.00;veh1;L15_1;45.90;0.00;12.22;CarA;95.20;40.50
146.00;270.00;veh10;L13_0;49.11;0.00;14.42;CarA;37.29;8.00
146.00;90.00;veh11;L18_1;44.98;0.00;13.87;CarA;158.58;-4.80
146.00;90.00;veh12;L12_1;81.40;0.00;0.00;CarB;85.40;95.20
146.00;98.88;veh13;:6_8_0;4.00;0.00;6.93;CarB;90.16;90.87
146.00;90.00;veh14;L12_0;68.65;0.00;5.39;CarB;72.65;92.00
146.00;90.00;veh15;L5_0;15.86;0.00;12.01;CarB;219.86;-8.00
146.00;90.00;veh16;L14_1;81.40;0.00;0.00;CarB;85.40;-4.80
146.00;90.00;veh17;L14_2;81.37;0.00;0.05;CarB;85.37;-1.60
146.00;270.00;veh18;L17_2;81.40;0.00;0.00;CarB;114.60;1.60
146.00;180.00;veh2;L15_0;19.13;0.00;10.83;CarA;92.00;67.27
146.00;90.00;veh4;L10_0;44.03;0.00;13.20;CarA;157.63;92.00
146.00;329.04;veh5;:6_6_0;13.62;0.00;8.27;CarA;100.82;99.16
146.00;0.00;veh7;L16_1;35.98;0.00;11.99;CarA;104.80;49.58
146.00;0.00;veh8;L16_0;45.43;0.00;12.82;CarA;108.00;59.03
146.00;270.00;veh9;L1_0;87.20;0.00;11.20;CarA;-91.20;108.00
147.00;180.00;veh1;L15_1;58.17;0.00;12.27;CarA;95.20;28.23
147.00;270.00;veh10;L13_0;63.54;0.00;14.44;CarA;22.86;8.00
147.00;90.00;veh11;L18_1;58.30;0.00;13.32;CarA;171.90;-4.80
147.00;90.00;veh12;L12_1;81.40;0.00;0.00;CarB;85.40;95.20
147.00;142.62;veh13;L15_1;2.26;0.00;7.29;CarB;95.20;84.14
147.00;90.00;veh14;L12_0;75.00;0.00;6.35;CarB;79.00;92.00
147.00;90.00;veh15;L5_0;27.77;0.00;11.92;CarB;231.77;-8.00
147.00;90.00;veh16;L14_1;81.40;0.00;0.00;CarB;85.40;-4.80
147.00;90.00;veh17;L14_2;81.39;0.00;0.02;CarB;85.39;-1.60
147.00;270.00;veh18;L17_1;81.40;0.00;0.00;CarB;114.60;4.80
147.00;180.00;veh2;L15_0;32.94;0.00;13.81;CarA;92.00;53.46
147.00;90.00;veh4;L10_0;56.86;0.00;12.83;CarA;170.46;92.00
147.00;297.20;veh5;:6_6_0;22.38;0.00;8.75;CarA;93.62;103.77
147.00;0.00;veh7;L16_1;47.33;0.00;11.35;CarA;104.80;60.93
147.00;0.00;veh8;L16_0;57.01;0.00;11.58;CarA;108.00;70.61
147.00;270.00;veh9;D1_0;2.52;0.00;11.48;CarA;-102.68;108.00
148.00;180.00;veh1;L15_1;69.75;0.00;11.58;CarA;95.20;16.65
148.00;270.00;veh10;L13_0;77.83;0.00;14.29;CarA;8.57;8.00
148.00;90.00;veh11;L18_1;72.14;0.00;13.84;CarA;185.74;-4.80
148.00;90.00;veh12;L12_1;81.40;0.00;0.00;CarB;85.40;95.20
148.00;180.00;veh13;L15_1;11.03;0.00;8.77;CarB;95.20;75.37
148.00;90.00;veh14;L12_0;81.64;0.00;6.64;CarB;85.64;92.00
148.00;90.00;veh15;L5_0;40.17;0.00;12.40;CarB;244.17;-8.00
148.00;90.00;veh16;L14_1;81.40;0.00;0.00;CarB;85.40;-4.80
148.00;90.00;veh17;L14_2;81.40;0.00;0.01;CarB;85.40;-1.60
148.00;270.00;veh18;L17_1;81.40;0.00;0.00;CarB;114.60;4.80
148.00;180.00;veh2;L15_0;45.93;0.00;12.99;CarA;92.00;40.47
148.00;90.00;veh4;L10_0;70.90;0.00;14.05;CarA;184.50;92.00
148.00;276.75;veh5;L11_1;0.85;0.00;8.14;CarA;85.55;104.80
148.00;0.00;veh7;L16_1;59.10;0.00;11.77;CarA;104.80;72.70
148.00;0.00;veh8;L16_0;68.48;0.00;11.47;CarA;108.00;82.08
148.00;270.00;veh9;D1_0;13.27;0.00;10.74;CarA;-113.43;108.00
149.00;171.87;veh1;:3_1_0;6.62;0.00;9.68;CarA;96.14;7.04
149.00;270.00;veh10;L3_0;2.48;0.00;15.06;CarA;-6.48;8.00
149.00;90.00;veh11;:4_3_1;3.98;0.00;14.24;CarA;199.98;-4.80
149.00;90.00;veh12;L12_1;81.40;0.00;0.00;CarB;85.40;95.20
149.00;180.00;veh13;L15_1;21.33;0.00;10.30;CarB;95.20;65.07
149.00;109.82;veh14;:6_8_0;5.67;0.00;6.43;CarB;91.19;89.61
149.00;90.00;veh15;L5_0;52.08;0.00;11.91;CarB;256.08;-8.00
149.00;90.00;veh16;L14_1;81.40;0.00;0.00;CarB;85.40;-4.80
149.00;90.00;veh17;L14_2;81.40;0.00;0.00;CarB;85.40;-1.60
149.00;270.00;veh18;L17_1;81.40;0.00;0.00;CarB;114.60;4.80
149.00;180.00;veh2;L15_0;58.78;0.00;12.85;CarA;92.00;27.62
149.00;90.00;veh4;:5_3_0;2.09;0.00;13.59;CarA;198.09;92.00
149.00;270.00;veh5;L11_1;10.75;0.00;9.90;CarA;75.65;104.80
149.00;0.00;veh7;L16_1;71.41;0.00;12.30;CarA;104.80;85.01
149.00;2.82;veh8;:6_5_0;1.74;0.00;6.06;CarA;108.25;88.12
149.00;270.00;veh9;D1_0;24.31;0.00;11.05;CarA;-124.47;108.00
150.00;136.15;veh1;:3_1_0;17.13;0.00;10.51;CarA;101.77;-1.38
150.00;270.00;veh10;L3_0;16.81;0.00;14.33;CarA;-20.81;8.00
150.00;90.00;veh11;L5_1;9.02;0.00;13.04;CarA;213.02;-4.80
150.00;90.00;veh12;L12_1;81.40;0.00;0.00;CarB;85.40;95.20
150.00;180.00;veh13;L15_1;33.06;0.00;11.72;CarB;95.20;53.34
150.00;167.68;veh14;L15_0;2.81;0.00;6.17;CarB;92.00;83.59
150.00;90.00;veh15;L5_0;64.82;0.00;12.74;CarB;268.82;-8.00
150.00;90.00;veh16;L14_1;81.40;0.00;0.00;CarB;85.40;-4.80
150.00;90.00;veh17;L14_2;81.40;0.00;0.00;CarB;85.40;-1.60
150.00;270.00;veh18;L17_1;81.40;0.00;0.00;CarB;114.60;4.80
150.00;180.00;veh2;L15_0;70.17;0.00;11.40;CarA;92.00;16.23
150.00;90.00;veh4;L7_0;7.77;0.00;13.68;CarA;211.77;92.00
150.00;270.00;veh5;L11_1;21.55;0.00;10.80;CarA;64.85;104.80
150.00;351.87;veh7;:6_6_0;7.28;0.00;8.67;CarA;103.77;93.61
150.00;53.81;veh8;:6_5_0;7.68;0.00;5.94;CarA;112.26;91.81
150.00;270.00;veh9;D1_0;36.14;0.00;11.82;CarA;-136.30;108.00
151.00;98.13;veh1;:3_1_0;27.61;0.00;10.48;CarA;111.56;-4.51
151.00;270.00;veh10;L3_0;30.85;0.00;14.03;CarA;-34.85;8.00
151.00;90.00;veh11;L5_1;22.61;0.00;13.59;CarA;226.61;-4.80
151.00;90.00;veh12;L12_1;81.40;0.00;0.00;CarB;85.40;95.20
151.00;180.00;veh13;L15_1;45.95;0.00;12.89;CarB;95.20;40.45
151.00;180.00;veh14;L15_0;10.73;0.00;7.92;CarB;92.00;75.67
151.00;90.00;veh15;L5_0;77.20;0.00;12.38;CarB;281.20;-8.00
151.00;90.00;veh16;L14_1;81.40;0.00;0.00;CarB;85.40;-4.80
151.00;90.00;veh17;L14_2;81.40;0.00;0.00;CarB;85.40;-1.60
151.00;270.00;veh18;L17_1;81.40;0.00;0.00;CarB;114.60;4.80
151.00;190.87;veh2;:3_0_0;3.59;0.00;6.22;CarA;91.08;10.19
151.00;90.00;veh4;L7_0;21.89;0.00;14.12;CarA;225.89;92.00
151.00;270.00;veh5;L11_1;32.45;0.00;10.90;CarA;53.95;104.80
151.00;322.41;veh7;:6_6_0;16.03;0.00;8.75;CarA;99.17;100.82
151.00;89.04;veh8;L10_0;4.41;0.00;5.76;CarA;118.01;92.00
151.00;270.00;veh9;D1_0;47.07;0.00;10.93;CarA;-147.23;108.00
152.00;90.00;veh1;L18_1;8.34;0.00;10.40;CarA;121.94;-4.80
152.00;270.00;veh10;L3_0;45.99;0.00;15.14;CarA;-49.99;8.00
152.00;90.00;veh11;L5_1;35.98;0.00;13.37;CarA;239.98;-4.80
152.00;90.00;veh12;L12_1;81.40;0.00;0.00;CarB;85.40;95.20
152.00;180.00;veh13;L15_1;60.42;0.00;14.47;CarB;95.20;25.98
152.00;180.00;veh14;L15_0;20.21;0.00;9.48;CarB;92.00;66.19
152.00;90.00;veh15;L5_0;89.58;0.00;12.37;CarB;293.58;-8.00
152.00;90.00;veh16;L14_1;81.40;0.00;0.00;CarB;85.40;-4.80
152.00;90.00;veh17;L14_2;81.40;0.00;0.00;CarB;85.40;-1.60
152.00;270.00;veh18;L17_1;81.40;0.00;0.00;CarB;114.60;4.80
152.00;251.27;veh2;L13_0;0.30;0.00;5.74;CarA;86.10;8.00
152.00;90.00;veh4;L7_0;35.11;0.00;13.22;CarA;239.11;92.00
152.00;270.00;veh5;L11_1;42.95;0.00;10.50;CarA;43.45;104.80
152.00;282.06;veh7;:6_6_0;25.67;0.00;9.63;CarA;90.36;104.23
152.00;90.00;veh8;L10_0;12.91;0.00;8.50;CarA;126.51;92.00
152.00;270.00;veh9;D1_0;58.02;0.00;10.95;CarA;-158.18;108.00
153.00;90.00;veh1;L18_1;21.05;0.00;12.71;CarA;134.65;-4.80
153.00;270.00;veh10;L3_0;60.13;0.00;14.14;CarA;-64.13;8.00
153.00;90.00;veh11;L5_1;49.93;0.00;13.95;CarA;253.93;-4.80
153.00;90.00;veh12;L12_1;81.40;0.00;0.00;CarB;85.40;95.20
153.00;179.60;veh13;:3_1_0;0.37;0.00;12.75;CarB;95.25;13.23
153.00;180.00;veh14;L15_0;31.65;0.00;11.44;CarB;92.00;54.75
153.00;90.00;veh15;D5_0;5.71;0.00;12.23;CarB;305.71;-8.00
153.00;90.00;veh16;L14_1;81.40;0.00;0.00;CarB;85.40;-4.80
153.00;90.00;veh17;L14_2;81.40;0.00;0.00;CarB;85.40;-1.60
153.00;270.00;veh18;L17_1;81.40;0.00;0.00;CarB;114.60;4.80
153.00;270.00;veh2;L13_0;8.53;0.00;8.23;CarA;77.87;8.00
153.00;90.00;veh4;L7_0;49.15;0.00;14.04;CarA;253.15;92.00
153.00;270.00;veh5;L11_1;54.10;0.00;11.15;CarA;32.30;104.80
153.00;270.00;veh7;L11_1;5.49;0.00;9.49;CarA;80.91;104.80
153.00;90.00;veh8;L10_0;23.43;0.00;10.52;CarA;137.03;92.00
153.00;270.00;veh9;D1_0;69.75;0.00;11.73;CarA;-169.91;108.00
154.00;90.00;veh1;L18_1;33.50;0.00;12.44;CarA;147.10;-4.80
154.00;270.00;veh10;L3_0;74.58;0.00;14.45;CarA;-78.58;8.00
154.00;90.00;veh11;L5_1;64.09;0.00;14.16;CarA;268.09;-4.80
154.00;90.00;veh12;L12_1;81.40;0.00;0.00;CarB;85.40;95.20
154.00;157.08;veh13;:3_1_0;12.98;0.00;12.61;CarB;98.84;1.40
154.00;180.00;veh14;L15_0;44.93;0.00;13.28;CarB;92.00;41.47
154.00;90.00;veh15;D5_0;17.80;0.00;12.10;CarB;317.80;-8.00
154.00;90.00;veh16;L14_1;81.40;0.00;0.00;CarB;85.40;-4.80
154.00;90.00;veh17;L14_2;81.40;0.00;0.00;CarB;85.40;-1.60
154.00;270.00;veh18;L17_1;81.40;0.00;0.00;CarB;114.60;4.80
154.00;270.00;veh2;L13_0;18.47;0.00;9.93;CarA;67.93;8.00
154.00;90.00;veh4;L7_0;62.06;0.00;12.90;CarA;266.06;92.00
154.00;270.00;veh5;L11_1;64.27;0.00;10.17;CarA;22.13;104.80
154.00;270.00;veh7;L11_1;17.41;0.00;11.92;CarA;68.99;104.80
154.00;90.00;veh8;L10_0;36.25;0.00;12.82;CarA;149.85;92.00
154.00;270.00;veh9;D1_0;80.91;0.00;11.16;CarA;-181.07;108.00
155.00;90.00;veh1;L18_1;45.39;0.00;11.89;CarA;158.99;-4.80
155.00;270.00;veh10;L3_0;89.05;0.00;14.47;CarA;-93.05;8.00
155.00;90.00;veh11;L5_1;77.29;0.00;13.20;CarA;281.29;-4.80
155.00;90.00;veh12;L12_1;81.40;0.00;0.00;CarB;85.40;95.20
155.00;110.30;veh13;:3_1_0;25.04;0.00;12.07;CarB;109.02;-4.15
155.00;180.00;veh14;L15_0;58.13;0.00;13.20;CarB;92.00;28.27
155.00;90.00;veh15;D5_0;30.56;0.00;12.75;CarB;330.56;-8.00
155.00;90.00;veh16;L14_1;81.40;0.00;0.00;CarB;85.40;-4.80
155.00;90.00;veh17;L14_2;81.40;0.00;0.00;CarB;85.40;-1.60
155.00;270.00;veh18;L17_1;81.40;0.00;0.00;CarB;114.60;4.80
155.00;270.00;veh2;L13_0;30.72;0.00;12.26;CarA;55.68;8.00
155.00;90.00;veh4;L7_0;75.72;0.00;13.67;CarA;279.72;92.00
155.00;270.00;veh5;L11_1;74.65;0.00;10.38;CarA;11.75;104.80
155.00;270.00;veh7;L11_1;29.60;0.00;12.19;CarA;56.80;104.80
155.00;90.00;veh8;L10_0;48.91;0.00;12.66;CarA;162.51;92.00
155.00;270.00;veh9;D1_0;92.22;0.00;11.31;CarA;-192.38;108.00
156.00;90.00;veh1;L18_1;57.03;0.00;11.64;CarA;170.63;-4.80
156.00;270.00;veh10;D3_0;7.25;0.00;14.30;CarA;-107.25;8.00
156.00;90.00;veh11;L5_1;91.26;0.00;13.96;CarA;295.26;-4.80
156.00;90.00;veh12;L12_1;81.40;0.00;0.00;CarB;85.40;95.20
156.00;90.00;veh13;L18_1;7.54;0.00;12.17;CarB;121.14;-4.80
156.00;180.00;veh14;L15_0;69.90;0.00;11.77;CarB;92.00;16.50
156.00;90.00;veh15;D5_0;43.18;0.00;12.62;CarB;343.18;-8.00
156.00;90.00;veh16;L14_1;81.40;0.00;0.00;CarB;85.40;-4.80
156.00;90.00;veh17;L14_2;81.40;0.00;0.00;CarB;85.40;-1.60
156.00;270.00;veh18;L17_1;81.40;0.00;0.00;CarB;114.60;4.80
156.00;270.00;veh2;L13_0;43.75;0.00;13.02;CarA;42.65;8.00
156.00;90.00;veh4;L7_0;89.86;0.00;14.14;CarA;293.86;92.00
156.00;270.00;veh5;:1_0_1;3.20;0.00;10.95;CarA;0.80;104.80
156.00;270.00;veh7;L11_1;41.84;0.00;12.23;CarA;44.56;104.80
156.00;90.00;veh8;L10_0;60.59;0.00;11.68;CarA;174.19;92.00
157.00;90.00;veh1;L18_1;69.14;0.00;12.11;CarA;182.74;-4.80
157.00;270.00;veh10;D3_0;21.71;0.00;14.46;CarA;-121.71;8.00
157.00;90.00;veh11;D5_1;8.39;0.00;13.24;CarA;308.39;-4.80
157.00;90.00;veh12;L12_1;81.40;0.00;0.00;CarB;85.40;95.20
157.00;90.00;veh13;L18_1;21.15;0.00;13.60;CarB;134.75;-4.80
157.00;184.27;veh14;:3_0_0;2.87;0.00;5.77;CarB;91.45;10.81
157.00;90.00;veh15;D5_0;55.87;0.00;12.69;CarB;355.87;-8.00
157.00;90.00;veh16;L14_1;81.40;0.00;0.00;CarB;85.40;-4.80
157.00;90.00;veh17;L14_2;81.40;0.00;0.00;CarB;85.40;-1.60
157.00;270.00;veh18;L17_1;81.40;0.00;0.00;CarB;114.60;4.80
157.00;270.00;veh2;L13_0;56.78;0.00;13.03;CarA;29.62;8.00
157.00;90.00;veh4;D7_0;6.60;0.00;12.84;CarA;306.60;92.00
157.00;270.00;veh5;L1_1;6.74;0.00;11.54;CarA;-10.74;104.80
157.00;270.00;veh7;L11_1;53.02;0.00;11.19;CarA;33.38;104.80
157.00;90.00;veh8;L10_0;73.31;0.00;12.72;CarA;186.91;92.00
158.00;90.00;veh1;L18_1;80.80;0.00;11.66;CarA;194.40;-4.80
158.00;270.00;veh10;D3_0;35.88;0.00;14.17;CarA;-135.88;8.00
158.00;90.00;veh11;D5_1;22.56;0.00;14.17;CarA;322.56;-4.80
158.00;90.00;veh12;L12_1;81.40;0.00;0.00;CarB;85.40;95.20
158.00;90.00;veh13;L18_1;36.55;0.00;15.40;CarB;150.15;-4.80
158.00;226.47;veh14;:3_0_0;8.41;0.00;5.54;CarB;87.02;8.09
158.00;90.00;veh15;D5_0;68.27;0.00;12.40;CarB;368.27;-8.00
158.00;90.00;veh16;L14_1;81.40;0.00;0.00;CarB;85.40;-4.80
158.00;90.00;veh17;L14_2;81.40;0.00;0.00;CarB;85.40;-1.60
158.00;270.00;veh18;L17_1;81.40;0.00;0.00;CarB;114.60;4.80
158.00;270.00;veh2;L13_0;70.41;0.00;13.63;CarA;15.99;8.00
158.00;90.00;veh4;D7_0;20.03;0.00;13.43;CarA;320.03;92.00
158.00;270.00;veh5;L1_1;18.10;0.00;11.36;CarA;-22.10;104.80
158.00;270.00;veh7;L11_1;64.88;0.00;11.86;CarA;21.52;104.80
158.00;90.00;veh8;:5_3_0;2.91;0.00;11.99;CarA;198.91;92.00
159.00;90.00;veh1;L5_1;2.48;0.00;12.08;CarA;206.48;-4.80
159.00;270.00;veh10;D3_0;50.96;0.00;15.09;CarA;-150.96;8.00
159.00;90.00;veh11;D5_1;35.69;0.00;13.13;CarA;335.69;-4.80
159.00;90.00;veh12;L12_1;81.40;0.00;0.00;CarB;85.40;95.20
159.00;90.00;veh13;L18_1;51.91;0.00;15.36;CarB;165.51;-4.80
159.00;266.66;veh14;L13_0;4.86;0.00;5.48;CarB;81.54;8.00
159.00;90.00;veh15;D5_0;80.26;0.00;11.99;CarB;380.26;-8.00
159.00;90.00;veh16;L14_1;81.40;0.00;0.00;CarB;85.40;-4.80
159.00;90.00;veh17;L14_2;81.40;0.00;0.00;CarB;85.40;-1.60
159.00;270.00;veh18;L17_1;81.40;0.00;0.00;CarB;114.60;4.80
159.00;270.00;veh2;:2_0_0;1.83;0.00;13.83;CarA;2.17;8.00
159.00;90.00;veh4;D7_0;34.33;0.00;14.31;CarA;334.33;92.00
159.00;270.00;veh5;L1_1;29.15;0.00;11.05;CarA;-33.15;104.80
159.00;270.00;veh7;L11_1;76.13;0.00;11.25;CarA;10.27;104.80
159.00;90.00;veh8;L7_0;7.11;0.00;12.21;CarA;211.11;92.00
160.00;90.00;veh1;L5_1;14.39;0.00;11.91;CarA;218.39;-4.80
160.00;270.00;veh10;D3_0;65.66;0.00;14.69;CarA;-165.66;8.00
160.00;90.00;veh11;D5_1;48.74;0.00;13.04;CarA;348.74;-4.80
160.00;90.00;veh12;L12_1;81.40;0.00;0.00;CarB;85.40;95.20
160.00;90.00;veh13;L18_1;66.72;0.00;14.80;CarB;180.32;-4.80
160.00;270.00;veh14;L13_0;12.17;0.00;7.31;CarB;74.23;8.00
160.00;90.00;veh15;D5_0;93.03;0.00;12.77;CarB;393.03;-8.00
160.00;90.00;veh16;L14_1;81.40;0.00;0.00;CarB;85.40;-4.80
160.00;90.00;veh17;L14_2;81.40;0.00;0.00;CarB;85.40;-1.60
160.00;270.00;veh18;L17_1;81.40;0.00;0.00;CarB;114.60;4.80
160.00;270.00;veh2;L3_0;7.72;0.00;13.89;CarA;-11.72;8.00
160.00;90.00;veh4;D7_0;48.17;0.00;13.84;CarA;348.17;92.00
160.00;270.00;veh5;L1_1;39.30;0.00;10.15;CarA;-43.30;104.80
160.00;270.00;veh7;:1_0_1;4.80;0.00;11.06;CarA;-0.80;104.80
160.00;90.00;veh8;L7_0;18.86;0.00;11.74;CarA;222.86;92.00
161.00;90.00;veh1;L5_1;26.27;0.00;11.88;CarA;230.27;-4.80
161.00;270.00;veh10;D3_0;80.00;0.00;14.34;CarA;-180.00;8.00
161.00;90.00;veh11;D5_1;62.91;0.00;14.17;CarA;362.91;-4.80
161.00;90.00;veh12;L12_1;81.40;0.00;0.00;CarB;85.40;95.20
161.00;90.00;veh13;L18_1;82.11;0.00;15.40;CarB;195.71;-4.80
161.00;270.00;veh14;L13_0;21.11;0.00;8.94;CarB;65.29;8.00
161.00;90.00;veh16;L14_1;81.40;0.00;0.00;CarB;85.40;-4.80
161.00;90.00;veh17;L14_2;81.40;0.00;0.00;CarB;85.40;-1.60
161.00;270.00;veh18;L17_1;81.40;0.00;0.00;CarB;114.60;4.80
161.00;270.00;veh2;L3_0;21.36;0.00;13.64;CarA;-25.36;8.00
161.00;90.00;veh4;D7_0;61.33;0.00;13.15;CarA;361.33;92.00
161.00;270.00;veh5;L1_1;49.45;0.00;10.15;CarA;-53.45;104.80
161.00;270.00;veh7;L1_1;8.64;0.00;11.84;CarA;-12.64;104.80
161.00;90.00;veh8;L7_0;31.86;0.00;13.00;CarA;235.86;92.00
162.00;90.00;veh1;L5_1;39.27;0.00;13.00;CarA;243.27;-4.80
162.00;270.00;veh10;D3_0;94.13;0.00;14.13;CarA;-194.13;8.00
162.00;90.00;veh11;D5_1;76.02;0.00;13.11;CarA;376.02;-4.80
162.00;90.00;veh12;L12_1;81.40;0.00;0.00;CarB;85.40;95.20
162.00;90.00;veh13;L5_1;7.27;0.00;15.56;CarB;211.27;-4.80
162.00;270.00;veh14;L13_0;31.37;0.00;10.26;CarB;55.03;8.00
162.00;90.00;veh16;L14_1;81.40;0.00;0.00;CarB;85.40;-4.80
162.00;90.00;veh17;L14_2;81.40;0.00;0.00;CarB;85.40;-1.60
162.00;270.00;veh18;L17_1;81.40;0.00;0.00;CarB;114.60;4.80
162.00;270.00;veh2;L3_0;35.30;0.00;13.94;CarA;-39.30;8.00
162.00;90.00;veh4;D7_0;74.50;0.00;13.18;CarA;374.50;92.00
162.00;270.00;veh5;L1_1;60.36;0.00;10.90;CarA;-64.36;104.80
162.00;270.00;veh7;L1_1;20.48;0.00;11.84;CarA;-24.48;104.80
162.00;90.00;veh8;L7_0;43.99;0.00;12.13;CarA;247.99;92.00
163.00;90.00;veh1;L5_1;50.86;0.00;11.60;CarA;254.86;-4.80
163.00;90.00;veh11;D5_1;89.45;0.00;13.42;CarA;389.45;-4.80
163.00;90.00;veh12;L12_1;81.40;0.00;0.00;CarB;85.40;95.20
163.00;90.00;veh13;L5_1;21.91;0.00;14.64;CarB;225.91;-4.80
163.00;270.00;veh14;L13_0;43.05;0.00;11.68;CarB;43.35;8.00
163.00;90.00;veh16;L14_1;81.40;0.00;0.00;CarB;85.40;-4.80
163.00;90.00;veh17;L14_2;81.40;0.00;0.00;CarB;85.40;-1.60
163.00;270.00;veh18;L17_1;81.40;0.00;0.00;CarB;114.60;4.80
163.00;270.00;veh2;L3_0;48.03;0.00;12.72;CarA;-52.03;8.00
163.00;90.00;veh4;D7_0;87.79;0.00;13.28;CarA;387.79;92.00
163.00;270.00;veh5;L1_0;71.32;0.00;10.97;CarA;-75.32;108.00
163.00;270.00;veh7;L1_1;32.54;0.00;12.06;CarA;-36.54;104.80
163.00;90.00;veh8;L7_0;56.99;0.00;13.00;CarA;260.99;92.00
164.00;90.00;veh1;L5_1;62.74;0.00;11.88;CarA;266.74;-4.80
164.00;90.00;veh12;L12_1;81.40;0.00;0.00;CarB;85.40;95.20
164.00;90.00;veh13;L5_1;36.48;0.00;14.57;CarB;240.48;-4.80
164.00;270.00;veh14;L13_0;56.49;0.00;13.44;CarB;29.91;8.00
164.00;90.00;veh16;L14_1;81.40;0.00;0.00;CarB;85.40;-4.80
164.00;90.00;veh17;L14_2;81.40;0.00;0.00;CarB;85.40;-1.60
164.00;270.00;veh18;L17_1;81.40;0.00;0.00;CarB;114.60;4.80
164.00;270.00;veh2;L3_0;61.58;0.00;13.55;CarA;-65.58;8.00
164.00;270.00;veh5;L1_0;81.96;0.00;10.64;CarA;-85.96;108.00
164.00;270.00;veh7;L1_1;43.67;0.00;11.13;CarA;-47.67;104.80
164.00;90.00;veh8;L7_0;69.11;0.00;12.12;CarA;273.11;92.00
165.00;90.00;veh1;L5_1;75.00;0.00;12.26;CarA;279.00;-4.80
165.00;90.00;veh12;L12_1;81.40;0.00;0.00;CarB;85.40;95.20
165.00;90.00;veh13;L5_1;49.98;0.00;13.50;CarB;253.98;-4.80
165.00;270.00;veh14;L13_0;69.43;0.00;12.94;CarB;16.97;8.00
165.00;90.00;veh16;L14_1;81.40;0.00;0.00;CarB;85.40;-4.80
165.00;90.00;veh17;L14_2;81.40;0.00;0.00;CarB;85.40;-1.60
165.00;270.00;veh18;L17_1;81.40;0.00;0.00;CarB;114.60;4.80
165.00;270.00;veh2;L3_0;74.59;0.00;13.01;CarA;-78.59;8.00
165.00;270.00;veh5;L1_0;93.09;0.00;11.13;CarA;-97.09;108.00
165.00;270.00;veh7;L1_1;55.43;0.00;11.76;CarA;-59.43;104.80
165.00;90.00;veh8;L7_0;81.70;0.00;12.59;CarA;285.70;92.00
166.00;90.00;veh1;L5_1;87.67;0.00;12.67;CarA;291.67;-4.80
166.00;90.00;veh12;L12_1;81.40;0.00;0.00;CarB;85.40;95.20
166.00;90.00;veh13;L5_1;63.42;0.00;13.44;CarB;267.42;-4.80
166.00;270.00;veh14;:2_0_0;0.21;0.00;13.19;CarB;3.79;8.00
166.00;90.00;veh16;L14_1;81.40;0.00;0.00;CarB;85.40;-4.80
166.00;90.00;veh17;L14_2;81.40;0.00;0.00;CarB;85.40;-1.60
166.00;270.00;veh18;L17_1;81.40;0.00;0.00;CarB;114.60;4.80
166.00;270.00;veh2;L3_0;88.55;0.00;13.97;CarA;-92.55;8.00
166.00;270.00;veh5;D1_0;7.59;0.00;10.66;CarA;-107.75;108.00
166.00;270.00;veh7;L1_1;66.67;0.00;11.23;CarA;-70.67;104.80
166.00;90.00;veh8;L7_0;94.22;0.00;12.52;CarA;298.22;92.00
167.00;90.00;veh1;D5_1;3.23;0.00;11.66;CarA;303.23;-4.80
167.00;90.00;veh12;L12_1;81.40;0.00;0.00;CarB;85.40;95.20
167.00;90.00;veh13;L5_1;77.36;0.00;13.94;CarB;281.36;-4.80
167.00;270.00;veh14;L3_0;5.24;0.00;13.03;CarB;-9.24;8.00
167.00;90.00;veh16;L14_1;81.40;0.00;0.00;CarB;85.40;-4.80
167.00;90.00;veh17;L14_2;81.40;0.00;0.00;CarB;85.40;-1.60
167.00;270.00;veh18;L17_1;81.40;0.00;0.00;CarB;114.60;4.80
167.00;270.00;veh2;D3_0;5.72;0.00;13.27;CarA;-105.72;8.00
167.00;270.00;veh5;D1_0;18.80;0.00;11.21;CarA;-118.96;108.00
167.00;270.00;veh7;L1_1;78.18;0.00;11.51;CarA;-82.18;104.80
167.00;90.00;veh8;D7_0;10.43;0.00;12.31;CarA;310.43;92.00
168.00;90.00;veh1;D5_1;16.20;0.00;12.97;CarA;316.20;-4.80
168.00;90.00;veh12;L12_1;81.40;0.00;0.00;CarB;85.40;95.20
168.00;90.00;veh13;L5_1;89.29;0.00;11.93;CarB;293.29;-4.80
168.00;270.00;veh14;L3_0;18.70;0.00;13.46;CarB;-22.70;8.00
168.00;90.00;veh16;L14_1;81.40;0.00;0.00;CarB;85.40;-4.80
168.00;90.00;veh17;L14_2;81.40;0.00;0.00;CarB;85.40;-1.60
168.00;270.00;veh18;L17_1;81.40;0.00;0.00;CarB;114.60;4.80
168.00;270.00;veh2;D3_0;19.28;0.00;13.56;CarA;-119.28;8.00
168.00;270.00;veh5;D1_0;29.89;0.00;11.09;CarA;-130.05;108.00
168.00;270.00;veh7;L1_1;89.11;0.00;10.93;CarA;-93.11;104.80
168.00;90.00;veh8;D7_0;22.03;0.00;11.60;CarA;322.03;92.00
169.00;90.00;veh1;D5_1;28.96;0.00;12.76;CarA;328.96;-4.80
169.00;90.00;veh12;L12_1;81.40;0.00;0.00;CarB;85.40;95.20
169.00;90.00;veh13;D5_1;6.08;0.00;12.89;CarB;306.08;-4.80
169.00;270.00;veh14;L3_0;31.84;0.00;13.13;CarB;-35.84;8.00
169.00;90.00;veh16;L14_1;81.40;0.00;0.00;CarB;85.40;-4.80
169.00;90.00;veh17;L14_2;81.40;0.00;0.00;CarB;85.40;-1.60
169.00;270.00;veh18;L17_1;81.40;0.00;0.00;CarB;114.60;4.80
169.00;270.00;veh2;D3_0;32.86;0.00;13.58;CarA;-132.86;8.00
169.00;270.00;veh5;D1_0;40.86;0.00;10.97;CarA;-141.02;108.00
169.00;270.00;veh7;D1_1;4.08;0.00;11.12;CarA;-104.24;104.80
169.00;90.00;veh8;D7_0;34.24;0.00;12.20;CarA;334.24;92.00
170.00;90.00;veh1;D5_1;41.01;0.00;12.05;CarA;341.01;-4.80
170.00;90.00;veh12;L12_1;81.40;0.00;0.00;CarB;85.40;95.20
170.00;90.00;veh13;D5_1;19.38;0.00;13.30;CarB;319.38;-4.80
170.00;270.00;veh14;L3_0;44.66;0.00;12.83;CarB;-48.66;8.00
170.00;90.00;veh16;L14_1;81.40;0.00;0.00;CarB;85.40;-4.80
170.00;90.00;veh17;L14_2;81.40;0.00;0.00;CarB;85.40;-1.60
170.00;270.00;veh18;L17_1;81.40;0.00;0.00;CarB;114.60;4.80
170.00;270.00;veh2;D3_0;46.79;0.00;13.93;CarA;-146.79;8.00
170.00;270.00;veh5;D1_0;51.07;0.00;10.21;CarA;-151.23;108.00
170.00;270.00;veh7;D1_1;15.80;0.00;11.72;CarA;-115.96;104.80
170.00;90.00;veh8;D7_0;46.66;0.00;12.42;CarA;346.66;92.00
171.00;90.00;veh1;D5_1;53.06;0.00;12.05;CarA;353.06;-4.80
171.00;90.00;veh12;L12_1;81.40;0.00;0.00;CarB;85.40;95.20
171.00;90.00;veh13;D5_1;31.56;0.00;12.17;CarB;331.56;-4.80
171.00;270.00;veh14;L3_0;57.61;0.00;12.94;CarB;-61.61;8.00
171.00;90.00;veh16;L14_1;81.40;0.00;0.00;CarB;85.40;-4.80
171.00;90.00;veh17;L14_2;81.40;0.00;0.00;CarB;85.40;-1.60
171.00;270.00;veh18;L17_1;81.40;0.00;0.00;CarB;114.60;4.80
171.00;270.00;veh2;D3_0;59.35;0.00;12.56;CarA;-159.35;8.00
171.00;270.00;veh5;D1_0;62.11;0.00;11.05;CarA;-162.27;108.00
171.00;270.00;veh7;D1_1;26.62;0.00;10.82;CarA;-126.78;104.80
171.00;90.00;veh8;D7_0;59.42;0.00;12.77;CarA;359.42;92.00
172.00;90.00;veh1;D5_1;64.92;0.00;11.86;CarA;364.92;-4.80
172.00;90.00;veh12;L12_1;81.40;0.00;0.00;CarB;85.40;95.20
172.00;90.00;veh13;D5_1;43.83;0.00;12.28;CarB;343.83;-4.80
172.00;270.00;veh14;L3_0;70.49;0.00;12.88;CarB;-74.49;8.00
172.00;90.00;veh16;L14_1;81.40;0.00;0.00;CarB;85.40;-4.80
172.00;90.00;veh17;L14_2;81.40;0.00;0.00;CarB;85.40;-1.60
172.00;270.00;veh18;L17_1;81.40;0.00;0.00;CarB;114.60;4.80
172.00;270.00;veh2;D3_0;73.38;0.00;14.03;CarA;-173.38;8.00
172.00;270.00;veh5;D1_0;72.72;0.00;10.60;CarA;-172.88;108.00
172.00;270.00;veh7;D1_1;37.82;0.00;11.20;CarA;-137.98;104.80
172.00;90.00;veh8;D7_0;71.85;0.00;12.43;CarA;371.85;92.00
173.00;90.00;veh1;D5_1;76.96;0.00;12.04;CarA;376.96;-4.80
173.00;90.00;veh12;L12_1;81.40;0.00;0.00;CarB;85.40;95.20
173.00;90.00;veh13;D5_1;55.47;0.00;11.63;CarB;355.47;-4.80
173.00;270.00;veh14;L3_0;83.86;0.00;13.37;CarB;-87.86;8.00
173.00;90.00;veh16;L14_1;81.40;0.00;0.00;CarB;85.40;-4.80
173.00;90.00;veh17;L14_2;81.40;0.00;0.00;CarB;85.40;-1.60
173.00;270.00;veh18;L17_1;81.40;0.00;0.00;CarB;114.60;4.80
173.00;270.00;veh2;D3_0;85.99;0.00;12.61;CarA;-185.99;8.00
173.00;270.00;veh5;D1_0;83.47;0.00;10.76;CarA;-183.63;108.00
173.00;270.00;veh7;D1_1;49.74;0.00;11.92;CarA;-149.90;104.80
173.00;90.00;veh8;D7_0;84.69;0.00;12.84;CarA;384.69;92.00
174.00;90.00;veh1;D5_1;89.68;0.00;12.72;CarA;389.68;-4.80
174.00;90.00;veh12;L12_1;81.40;0.00;0.00;CarB;85.40;95.20
174.00;90.00;veh13;D5_1;68.15;0.00;12.68;CarB;368.15;-4.80
174.00;270.00;veh14;D3_0;0.98;0.00;13.22;CarB;-100.98;8.00
174.00;90.00;veh16;L14_1;81.40;0.00;0.00;CarB;85.40;-4.80
174.00;90.00;veh17;L14_2;81.40;0.00;0.00;CarB;85.40;-1.60
174.00;270.00;veh18;L17_1;81.40;0.00;0.00;CarB;114.60;4.80
174.00;270.00;veh2;D3_0;99.01;0.00;13.03;CarA;-199.01;8.00
174.00;270.00;veh5;D1_0;94.06;0.00;10.59;CarA;-194.22;108.00
174.00;270.00;veh7;D1_1;60.71;0.00;10.97;CarA;-160.87;104.80
174.00;90.00;veh8;D7_0;97.19;0.00;12.50;CarA;397.19;92.00
175.00;90.00;veh12;L12_1;81.40;0.00;0.00;CarB;85.40;95.20
175.00;90.00;veh13;D5_1;80.62;0.00;12.47;CarB;380.62;-4.80
175.00;270.00;veh14;D3_0;13.85;0.00;12.86;CarB;-113.85;8.00
175.00;90.00;veh16;L14_1;81.40;0.00;0.00;CarB;85.40;-4.80
175.00;90.00;veh17;L14_2;81.40;0.00;0.00;CarB;85.40;-1.60
175.00;270.00;veh18;L17_1;81.40;0.00;0.00;CarB;114.60;4.80
175.00;270.00;veh7;D1_1;72.06;0.00;11.35;CarA;-172.22;104.80
176.00;90.00;veh12;L12_1;81.40;0.00;0.00;CarB;85.40;95.20
176.00;90.00;veh13;D5_1;94.20;0.00;13.58;CarB;394.20;-4.80
176.00;270.00;veh14;D3_0;27.00;0.00;13.15;CarB;-127.00;8.00
176.00;90.00;veh16;L14_1;81.40;0.00;0.00;CarB;85.40;-4.80
176.00;90.00;veh17;L14_2;81.40;0.00;0.00;CarB;85.40;-1.60
176.00;270.00;veh18;L17_1;81.40;0.00;0.00;CarB;114.60;4.80
176.00;270.00;veh7;D1_1;83.59;0.00;11.53;CarA;-183.75;104.80
177.00;90.00;veh12;L12_1;81.40;0.00;0.00;CarB;85.40;95.20
177.00;270.00;veh14;D3_0;40.70;0.00;13.70;CarB;-140.70;8.00
177.00;90.00;veh16;L14_1;81.40;0.00;0.00;CarB;85.40;-4.80
177.00;90.00;veh17;L14_2;81.40;0.00;0.00;CarB;85.40;-1.60
177.00;270.00;veh18;L17_1;81.40;0.00;0.00;CarB;114.60;4.80
177.00;270.00;veh7;D1_1;94.71;0.00;11.12;CarA;-194.87;104.80
178.00;90.00;veh12;L12_1;81.40;0.00;0.00;CarB;85.40;95.20
178.00;270.00;veh14;D3_0;53.71;0.00;13.01;CarB;-153.71;8.00
178.00;90.00;veh16;L14_1;81.40;0.00;0.00;CarB;85.40;-4.80
178.00;90.00;veh17;L14_2;81.40;0.00;0.00;CarB;85.40;-1.60
178.00;270.00;veh18;L17_1;81.40;0.00;0.00;CarB;114.60;4.80
179.00;90.00;veh12;L12_1;81.40;0.00;0.00;CarB;85.40;95.20
179.00;270.00;veh14;D3_0;66.84;0.00;13.14;CarB;-166.84;8.00
179.00;90.00;veh16;L14_1;81.40;0.00;0.00;CarB;85.40;-4.80
179.00;90.00;veh17;L14_2;81.40;0.00;0.00;CarB;85.40;-1.60
179.00;270.00;veh18;L17_1;81.40;0.00;0.00;CarB;114.60;4.80
180.00;90.41;veh12;:6_9_0;0.86;0.00;1.86;CarB;87.27;95.15
180.00;270.00;veh14;D3_0;80.40;0.00;13.55;CarB;-180.40;8.00
180.00;89.97;veh16;:3_12_0;0.03;0.00;1.03;CarB;86.43;-4.80
180.00;89.67;veh17;:3_12_2;0.30;0.00;1.30;CarB;86.70;-1.56
180.00;270.12;veh18;:3_6_0;0.24;0.00;1.25;CarB;113.35;4.82
181.00;92.14;veh12;:6_9_0;4.54;0.00;3.68;CarB;90.96;94.92
181.00;270.00;veh14;D3_0;93.81;0.00;13.41;CarB;-193.81;8.00
181.00;87.36;veh16;:3_12_0;2.86;0.00;2.83;CarB;89.24;-4.45
181.00;86.44;veh17;:3_12_2;3.28;0.00;2.98;CarB;89.65;-1.13
181.00;271.60;veh18;:3_6_0;3.39;0.00;3.14;CarB;110.20;5.01
182.00;95.70;veh12;:6_9_0;10.16;0.00;5.62;CarB;96.56;94.29
182.00;83.11;veh16;:3_12_0;7.45;0.00;4.59;CarB;93.79;-3.90
182.00;85.07;veh17;:3_12_2;4.53;0.00;1.25;CarB;90.89;-0.96
182.00;273.53;veh18;:3_6_0;7.85;0.00;4.47;CarB;105.71;5.29
183.00;101.31;veh12;:6_9_0;17.12;0.00;6.96;CarB;103.43;92.91
183.00;71.49;veh16;:3_12_0;13.83;0.00;6.38;CarB;99.69;-1.69
183.00;84.85;veh17;:3_12_2;4.74;0.00;0.21;CarB;91.09;-0.93
183.00;279.38;veh18;:3_6_0;13.70;0.00;5.85;CarB;99.94;6.41
184.00;94.22;veh12;:6_9_0;26.05;0.00;8.94;CarB;112.37;92.08
184.00;68.61;veh16;:3_12_0;14.90;0.00;1.07;CarB;100.64;-1.21
184.00;84.67;veh17;:3_12_2;4.91;0.00;0.17;CarB;91.26;-0.90
184.00;279.62;veh18;:3_6_0;20.85;0.00;7.15;CarB;92.86;7.60
185.00;90.00;veh12;L10_0;8.82;0.00;10.05;CarB;122.42;92.00
185.00;62.96;veh16;:3_15_0;1.55;0.00;2.11;CarB;102.52;-0.24
185.00;84.67;veh17;:3_12_2;4.91;0.00;0.00;CarB;91.26;-0.90
185.00;272.38;veh18;L13_0;2.46;0.00;8.89;CarB;83.94;8.00
186.00;90.00;veh12;L10_0;20.74;0.00;11.92;CarB;134.34;92.00
186.00;50.91;veh16;:3_15_0;4.89;0.00;3.34;CarB;104.47;2.46
186.00;83.04;veh17;:3_17_0;1.41;0.00;1.51;CarB;92.76;-0.69
186.00;270.00;veh18;L13_0;12.99;0.00;10.54;CarB;73.41;8.00
187.00;90.00;veh12;L10_0;33.76;0.00;13.02;CarB;147.36;92.00
187.00;32.77;veh16;:3_15_0;9.39;0.00;4.50;CarB;106.77;6.26
187.00;75.17;veh17;:3_17_0;3.92;0.00;2.51;CarB;94.95;0.49
187.00;270.00;veh18;L13_0;24.91;0.00;11.92;CarB;61.49;8.00
188.00;90.00;veh12;L10_0;48.24;0.00;14.48;CarB;161.84;92.00
188.00;13.50;veh16;:3_15_0;14.99;0.00;5.60;CarB;107.69;11.78
188.00;61.84;veh17;:3_17_0;7.71;0.00;3.79;CarB;98.04;2.60
188.00;270.00;veh18;L13_0;37.87;0.00;12.96;CarB;48.53;8.00
189.00;90.00;veh12;L10_0;62.44;0.00;14.20;CarB;176.04;92.00
189.00;3.39;veh16;L16_0;4.82;0.00;6.67;CarB;108.00;18.42
189.00;36.62;veh17;:3_17_0;13.02;0.00;5.30;CarB;100.68;7.18
189.00;270.00;veh18;L13_0;49.93;0.00;12.06;CarB;36.47;8.00
190.00;90.00;veh12;L10_0;76.78;0.00;14.34;CarB;190.38;92.00
190.00;0.00;veh16;L16_0;13.40;0.00;8.57;CarB;108.00;27.00
190.00;9.29;veh17;L16_2;0.29;0.00;6.77;CarB;101.60;13.89
190.00;270.00;veh18;L13_0;62.16;0.00;12.23;CarB;24.24;8.00
191.00;90.00;veh12;L7_0;0.90;0.00;14.52;CarB;204.90;92.00
191.00;0.00;veh16;L16_0;23.92;0.00;10.52;CarB;108.00;37.52
191.00;0.00;veh17;L16_2;8.52;0.00;8.23;CarB;101.60;22.12
191.00;270.00;veh18;L13_0;74.50;0.00;12.34;CarB;11.90;8.00
192.00;90.00;veh12;L7_0;15.35;0.00;14.45;CarB;219.35;92.00
192.00;0.00;veh16;L16_0;35.49;0.00;11.57;CarB;108.00;49.09
192.00;0.00;veh17;L16_2;18.54;0.00;10.03;CarB;101.60;32.14
192.00;270.00;veh18;:2_0_0;4.42;0.00;12.31;CarB;-0.42;8.00
193.00;90.00;veh12;L7_0;29.57;0.00;14.23;CarB;233.57;92.00
193.00;0.00;veh16;L16_0;47.38;0.00;11.89;CarB;108.00;60.98
193.00;0.00;veh17;L16_2;29.59;0.00;11.05;CarB;101.60;43.19
193.00;270.00;veh18;L3_0;8.93;0.00;12.52;CarB;-12.93;8.00
194.00;90.00;veh12;L7_0;43.40;0.00;13.83;CarB;247.40;92.00
194.00;0.00;veh16;L16_0;59.22;0.00;11.84;CarB;108.00;72.82
194.00;0.00;veh17;L16_2;41.70;0.00;12.12;CarB;101.60;55.30
194.00;270.00;veh18;L3_0;21.70;0.00;12.77;CarB;-25.70;8.00
195.00;90.00;veh12;L7_0;57.49;0.00;14.09;CarB;261.49;92.00
195.00;0.00;veh16;L16_0;67.66;0.00;8.44;CarB;108.00;81.26
195.00;0.00;veh17;L16_2;54.69;0.00;12.99;CarB;101.60;68.29
195.00;270.00;veh18;L3_0;34.67;0.00;12.97;CarB;-38.67;8.00
196.00;90.00;veh12;L7_0;71.10;0.00;13.61;CarB;275.10;92.00
196.00;0.00;veh16;L16_0;71.39;0.00;3.73;CarB;108.00;84.99
196.00;0.00;veh17;L16_2;66.20;0.00;11.51;CarB;101.60;79.80
196.00;270.00;veh18;L3_0;47.37;0.00;12.70;CarB;-51.37;8.00
197.00;90.00;veh12;L7_0;85.45;0.00;14.35;CarB;289.45;92.00
197.00;0.00;veh16;L16_0;71.72;0.00;0.33;CarB;108.00;85.32
197.00;0.00;veh17;L16_2;71.71;0.00;5.51;CarB;101.60;85.31
197.00;270.00;veh18;L3_0;59.61;0.00;12.24;CarB;-63.61;8.00
198.00;90.00;veh12;D7_0;3.62;0.00;14.27;CarB;303.62;92.00
198.00;0.00;veh16;L16_0;71.77;0.00;0.05;CarB;108.00;85.37
198.00;0.00;veh17;L16_2;71.76;0.00;0.06;CarB;101.60;85.36
198.00;270.00;veh18;L3_0;72.46;0.00;12.84;CarB;-76.46;8.00
199.00;90.00;veh12;D7_0;17.53;0.00;13.91;CarB;317.53;92.00
199.00;0.00;veh16;L16_0;71.79;0.00;0.02;CarB;108.00;85.39
199.00;0.00;veh17;L16_1;71.78;0.00;0.02;CarB;104.80;85.38
199.00;270.00;veh18;L3_0;84.50;0.00;12.05;CarB;-88.50;8.00
